{
  "id": "rawatjitesh/bankcustomerchurnprediction",
  "id_no": 16658258,
  "title": "BankCustomerChurnPrediction",
  "code_file": "bankcustomerchurnprediction.ipynb",
  "language": "python",
  "kernel_type": "notebook",
  "is_private": false,
  "enable_gpu": false,
  "enable_internet": true,
  "keywords": [
    "finance",
    "neural networks",
    "matplotlib",
    "pandas",
    "seaborn",
    "tensorflow"
  ],
  "dataset_sources": [
    "barelydedicated/bank-customer-churn-modeling"
  ],
  "kernel_sources": [],
  "competition_sources": []
}