{
  "id": "dsurrao/sanitation-water-source-and-incidence-of-malaria",
  "id_no": 506973,
  "title": "Sanitation, water source, and incidence of malaria",
  "code_file": "sanitation-water-source-and-incidence-of-malaria.ipynb",
  "language": "python",
  "kernel_type": "notebook",
  "is_private": false,
  "enable_gpu": false,
  "enable_internet": false,
  "keywords": [],
  "dataset_sources": [
    "theworldbank/health-nutrition-and-population-statistics"
  ],
  "kernel_sources": [],
  "competition_sources": []
}