{
  "id": "namanjeetsingh/neuralnetworks-with-regularization-and-sampling",
  "id_no": 15383020,
  "title": "NeuralNetworks with Regularization and Sampling",
  "code_file": "neuralnetworks-with-regularization-and-sampling.ipynb",
  "language": "python",
  "kernel_type": "notebook",
  "is_private": false,
  "enable_gpu": false,
  "enable_internet": true,
  "keywords": [
    "pandas",
    "tensorflow",
    "deep learning",
    "neural networks",
    "matplotlib",
    "seaborn"
  ],
  "dataset_sources": [
    "barelydedicated/bank-customer-churn-modeling"
  ],
  "kernel_sources": [],
  "competition_sources": []
}