{
  "id": "vipulgandhi/statistics-for-every-data-scientist",
  "id_no": 6848409,
  "title": "Statistics for Every Data Scientist",
  "code_file": "statistics-for-every-data-scientist.ipynb",
  "language": "python",
  "kernel_type": "notebook",
  "is_private": false,
  "enable_gpu": false,
  "enable_internet": true,
  "keywords": [
    "beginner"
  ],
  "dataset_sources": [
    "",
    "",
    "",
    "barelydedicated/bank-customer-churn-modeling",
    "ruiromanini/mtcars"
  ],
  "kernel_sources": [],
  "competition_sources": []
}