{
  "id": "dmisky/life-expectancy",
  "id_no": 6288421,
  "title": "Life expectancy",
  "code_file": "life-expectancy.ipynb",
  "language": "python",
  "kernel_type": "notebook",
  "is_private": false,
  "enable_gpu": false,
  "enable_internet": true,
  "keywords": [],
  "dataset_sources": [
    "",
    "",
    "oliversinn/countryinfo",
    "kumarajarshi/life-expectancy-who",
    "gemartin/world-bank-data-1960-to-2016",
    "unsdsn/world-happiness"
  ],
  "kernel_sources": [],
  "competition_sources": []
}