{
  "id": "joshuashamouil/bank-marketing-with-classification-modeling",
  "id_no": 14766646,
  "title": "Bank Marketing with Classification Modeling",
  "code_file": "bank-marketing-with-classification-modeling.ipynb",
  "language": "python",
  "kernel_type": "notebook",
  "is_private": false,
  "enable_gpu": false,
  "enable_internet": true,
  "keywords": [
    "business",
    "marketing",
    "classification",
    "sklearn",
    "ensembling",
    "pandas",
    "gradient boosting",
    "xgboost",
    "logistic regression",
    "matplotlib",
    "numpy",
    "plotly",
    "seaborn"
  ],
  "dataset_sources": [
    "janiobachmann/bank-marketing-dataset"
  ],
  "kernel_sources": [],
  "competition_sources": []
}