{
  "id": "artemsolomko/customer-churn-prediction",
  "id_no": 16786332,
  "title": "Customer churn prediction",
  "code_file": "customer-churn-prediction.ipynb",
  "language": "python",
  "kernel_type": "notebook",
  "is_private": false,
  "enable_gpu": false,
  "enable_internet": true,
  "keywords": [
    "finance",
    "beginner",
    "model comparison",
    "binary classification",
    "gradient boosting"
  ],
  "dataset_sources": [
    "barelydedicated/bank-customer-churn-modeling"
  ],
  "kernel_sources": [],
  "competition_sources": []
}