{
  "id": "ravisankarnadimpalli/world-bank-india",
  "id_no": 7431582,
  "title": "World Bank India",
  "code_file": "world-bank-india.ipynb",
  "language": "python",
  "kernel_type": "notebook",
  "is_private": false,
  "enable_gpu": false,
  "enable_internet": false,
  "keywords": [
    "matplotlib",
    "pandas",
    "seaborn"
  ],
  "dataset_sources": [
    "",
    "paree24/india-gdp-growth-world-bank-1961-to-2017",
    "gemartin/world-bank-data-1960-to-2016",
    "zohebabai/world-bank-data-of-indian-economy-since-1991",
    "kaggle/world-development-indicators",
    "bigquery/worldbank-wdi"
  ],
  "kernel_sources": [],
  "competition_sources": []
}