{
  "id": "arsenakishev/identifying-local-factors-to-kyrgyzstans-poverty",
  "id_no": 854388,
  "title": "Identifying Local Factors to Kyrgyzstans Poverty",
  "code_file": "identifying-local-factors-to-kyrgyzstans-poverty.ipynb",
  "language": "python",
  "kernel_type": "notebook",
  "is_private": false,
  "enable_gpu": false,
  "enable_internet": false,
  "keywords": [],
  "dataset_sources": [
    "skalskip/countries-shape-files",
    "kiva/data-science-for-good-kiva-crowdfunding",
    "kretes/gpi2008-2016",
    "theworldbank/health-nutrition-and-population-statistics",
    "ophi/mpi",
    "folaraz/world-countries-and-continents-details",
    "unsdsn/world-happiness"
  ],
  "kernel_sources": [],
  "competition_sources": []
}