{
  "id": "taronzakaryan/classification-sklearn-and-keras",
  "id_no": 4309536,
  "title": "Classification-sklearn and keras",
  "code_file": "classification-sklearn-and-keras.ipynb",
  "language": "python",
  "kernel_type": "notebook",
  "is_private": false,
  "enable_gpu": false,
  "enable_internet": false,
  "keywords": [
    "keras",
    "matplotlib",
    "numpy",
    "pandas",
    "seaborn"
  ],
  "dataset_sources": [
    "barelydedicated/bank-customer-churn-modeling"
  ],
  "kernel_sources": [],
  "competition_sources": []
}