{
  "id": "shavilyarajput/bank-churn-modelling",
  "id_no": 20048158,
  "title": "Bank Churn Modelling",
  "code_file": "bank-churn-modelling.ipynb",
  "language": "python",
  "kernel_type": "notebook",
  "is_private": false,
  "enable_gpu": false,
  "enable_internet": true,
  "keywords": [
    "binary classification",
    "finance",
    "sklearn",
    "neural networks",
    "pandas",
    "matplotlib",
    "seaborn",
    "tensorflow"
  ],
  "dataset_sources": [
    "barelydedicated/bank-customer-churn-modeling"
  ],
  "kernel_sources": [],
  "competition_sources": []
}