{
  "id": "serhanayberkkl/churn-analysis-bank",
  "id_no": 23697573,
  "title": "churn_analysis_bank",
  "code_file": "churn-analysis-bank.ipynb",
  "language": "python",
  "kernel_type": "notebook",
  "is_private": false,
  "enable_gpu": false,
  "enable_internet": true,
  "keywords": [
    "exploratory data analysis",
    "data visualization",
    "banking",
    "deep learning",
    "xgboost",
    "random forest"
  ],
  "dataset_sources": [
    "mathchi/churn-for-bank-customers"
  ],
  "kernel_sources": [],
  "competition_sources": []
}