{
  "id": "gemartin/a-timelapse-of-countries-development-w-matplotlib",
  "id_no": 1280883,
  "title": "A timelapse of countries development w/ matplotlib",
  "code_file": "a-timelapse-of-countries-development-w-matplotlib.ipynb",
  "language": "python",
  "kernel_type": "notebook",
  "is_private": false,
  "enable_gpu": false,
  "enable_internet": false,
  "keywords": [
    "data visualization"
  ],
  "dataset_sources": [
    "gemartin/world-bank-data-1960-to-2016",
    "taniaj/world-telecommunications-data"
  ],
  "kernel_sources": [],
  "competition_sources": []
}