{
  "id": "washingtongold/covid19-forecasting-w-lots-of-external-sources",
  "id_no": 8483959,
  "title": "COVID19 Forecasting w/ Lots of External Sources",
  "code_file": "covid19-forecasting-w-lots-of-external-sources.ipynb",
  "language": "python",
  "kernel_type": "notebook",
  "is_private": false,
  "enable_gpu": false,
  "enable_internet": true,
  "keywords": [],
  "dataset_sources": [
    "gemartin/world-bank-data-1960-to-2016"
  ],
  "kernel_sources": [],
  "competition_sources": [
    "c/covid19-global-forecasting-week-1"
  ]
}