{
  "id": "faraazahmad/india-china-comparision-on-world-bank-data",
  "id_no": 1311369,
  "title": "India-China comparision on World Bank Data",
  "code_file": "india-china-comparision-on-world-bank-data.ipynb",
  "language": "python",
  "kernel_type": "notebook",
  "is_private": false,
  "enable_gpu": true,
  "enable_internet": false,
  "keywords": [
    "social science"
  ],
  "dataset_sources": [
    "gemartin/world-bank-data-1960-to-2016"
  ],
  "kernel_sources": [],
  "competition_sources": []
}