{
  "id": "chintanchitroda/bank-marketing",
  "id_no": 7489944,
  "title": "Bank Marketing",
  "code_file": "bank-marketing.ipynb",
  "language": "python",
  "kernel_type": "notebook",
  "is_private": false,
  "enable_gpu": false,
  "enable_internet": false,
  "keywords": [
    "classification",
    "exploratory data analysis",
    "data visualization",
    "model comparison"
  ],
  "dataset_sources": [
    "janiobachmann/bank-marketing-dataset"
  ],
  "kernel_sources": [],
  "competition_sources": []
}