{
    "column_id": "kaggle-short1/dataloan_final313.csv/loan_condition_cat",
    "dataset_name": "data",
    "dataset_id": "kaggle-short1/data",
    "path": "/data/Niki/k-divided/kaggle-short1/mrferozi.loan-data-for-dummy-bank/data/loan_final313.csv",
    "table_name": "loan_final313.csv",
    "table_id": "kaggle-short1/dataloan_final313.csv",
    "column_name": "loan_condition_cat",
    "data_source": "kaggle-short1",
    "data_type": "boolean",
    "total_values_count": 887379,
    "distinct_values_count": 2,
    "missing_values_count": 887379,
    "true_ratio": 0.07598669790472842,
    "min_value": null,
    "max_value": null,
    "mean": null,
    "median": null,
    "iqr": null,
    "embedding": null,
    "embedding_scaling_factor": null
}