{
    "column_id": "kaggle-short/dataimmo_data.csv/newlyConst",
    "dataset_name": "data",
    "dataset_id": "kaggle-short/data",
    "path": "/data/Niki/k-divided/kaggle-short/corrieaar.apartment-rental-offers-in-germany/data/immo_data.csv",
    "table_name": "immo_data.csv",
    "table_id": "kaggle-short/dataimmo_data.csv",
    "column_name": "newlyConst",
    "data_source": "kaggle-short",
    "data_type": "boolean",
    "total_values_count": 268850,
    "distinct_values_count": 2,
    "missing_values_count": 268850,
    "true_ratio": 0.0787465129254231,
    "min_value": null,
    "max_value": null,
    "mean": null,
    "median": null,
    "iqr": null,
    "embedding": null,
    "embedding_scaling_factor": null
}