{
    "column_id": "kaggle-short3/datalondon_merged.csv/is_weekend",
    "dataset_name": "data",
    "dataset_id": "kaggle-short3/data",
    "path": "/data/Niki/k-divided/kaggle-short3/hmavrodiev.london-bike-sharing-dataset/data/london_merged.csv",
    "table_name": "london_merged.csv",
    "table_id": "kaggle-short3/datalondon_merged.csv",
    "column_name": "is_weekend",
    "data_source": "kaggle-short3",
    "data_type": "boolean",
    "total_values_count": 17414,
    "distinct_values_count": 2,
    "missing_values_count": 17414,
    "true_ratio": 0.28540254967267714,
    "min_value": null,
    "max_value": null,
    "mean": null,
    "median": null,
    "iqr": null,
    "embedding": null,
    "embedding_scaling_factor": null
}