{
    "column_id": "kaggle-short14/datakc_house_data.csv/waterfront",
    "dataset_name": "data",
    "dataset_id": "kaggle-short14/data",
    "path": "/data/Niki/k-divided/kaggle-short14/harlfoxem.housesalesprediction/data/kc_house_data.csv",
    "table_name": "kc_house_data.csv",
    "table_id": "kaggle-short14/datakc_house_data.csv",
    "column_name": "waterfront",
    "data_source": "kaggle-short14",
    "data_type": "boolean",
    "total_values_count": 21613,
    "distinct_values_count": 2,
    "missing_values_count": 21613,
    "true_ratio": 0.007541757275713691,
    "min_value": null,
    "max_value": null,
    "mean": null,
    "median": null,
    "iqr": null,
    "embedding": null,
    "embedding_scaling_factor": null
}