{
    "column_id": "kaggle-short/datacarInsurance_train.csv/HHInsurance",
    "dataset_name": "data",
    "dataset_id": "kaggle-short/data",
    "path": "/data/Niki/k-divided/kaggle-short/kondla.carinsurance/data/carInsurance_train.csv",
    "table_name": "carInsurance_train.csv",
    "table_id": "kaggle-short/datacarInsurance_train.csv",
    "column_name": "HHInsurance",
    "data_source": "kaggle-short",
    "data_type": "boolean",
    "total_values_count": 4000,
    "distinct_values_count": 2,
    "missing_values_count": 4000,
    "true_ratio": 0.49275,
    "min_value": null,
    "max_value": null,
    "mean": null,
    "median": null,
    "iqr": null,
    "embedding": null,
    "embedding_scaling_factor": null
}