{
    "column_id": "kaggle-short13/datadata.csv/B_draw",
    "dataset_name": "data",
    "dataset_id": "kaggle-short13/data",
    "path": "/data/Niki/k-divided/kaggle-short13/rajeevw.ufcdata/data/data.csv",
    "table_name": "data.csv",
    "table_id": "kaggle-short13/datadata.csv",
    "column_name": "B_draw",
    "data_source": "kaggle-short13",
    "data_type": "boolean",
    "total_values_count": 6012,
    "distinct_values_count": 1,
    "missing_values_count": 6012,
    "true_ratio": 0.0,
    "min_value": null,
    "max_value": null,
    "mean": null,
    "median": null,
    "iqr": null,
    "embedding": null,
    "embedding_scaling_factor": null
}