{
    "column_id": "kaggle-short/datadiabetes-dataset.csv/Outcome",
    "dataset_name": "data",
    "dataset_id": "kaggle-short/data",
    "path": "/data/Niki/k-divided/kaggle-short/vikasukani.diabetes-data-set/data/diabetes-dataset.csv",
    "table_name": "diabetes-dataset.csv",
    "table_id": "kaggle-short/datadiabetes-dataset.csv",
    "column_name": "Outcome",
    "data_source": "kaggle-short",
    "data_type": "boolean",
    "total_values_count": 2000,
    "distinct_values_count": 2,
    "missing_values_count": 2000,
    "true_ratio": 0.342,
    "min_value": null,
    "max_value": null,
    "mean": null,
    "median": null,
    "iqr": null,
    "embedding": null,
    "embedding_scaling_factor": null
}