{
    "column_id": "kaggle-short2/dataChurn_Modelling.csv/IsActiveMember",
    "dataset_name": "data",
    "dataset_id": "kaggle-short2/data",
    "path": "/data/Niki/k-divided/kaggle-short2/filippoo.deep-learning-az-ann/data/Churn_Modelling.csv",
    "table_name": "Churn_Modelling.csv",
    "table_id": "kaggle-short2/dataChurn_Modelling.csv",
    "column_name": "IsActiveMember",
    "data_source": "kaggle-short2",
    "data_type": "boolean",
    "total_values_count": 10000,
    "distinct_values_count": 2,
    "missing_values_count": 10000,
    "true_ratio": 0.5151,
    "min_value": null,
    "max_value": null,
    "mean": null,
    "median": null,
    "iqr": null,
    "embedding": null,
    "embedding_scaling_factor": null
}