{
    "column_id": "kaggle-short9/dataLevels_Fyi_Salary_Data.csv/Race_Black",
    "dataset_name": "data",
    "dataset_id": "kaggle-short9/data",
    "path": "/data/Niki/k-divided/kaggle-short9/jackogozaly.data-science-and-stem-salaries/data/Levels_Fyi_Salary_Data.csv",
    "table_name": "Levels_Fyi_Salary_Data.csv",
    "table_id": "kaggle-short9/dataLevels_Fyi_Salary_Data.csv",
    "column_name": "Race_Black",
    "data_source": "kaggle-short9",
    "data_type": "boolean",
    "total_values_count": 62642,
    "distinct_values_count": 2,
    "missing_values_count": 62642,
    "true_ratio": 0.01101497397911944,
    "min_value": null,
    "max_value": null,
    "mean": null,
    "median": null,
    "iqr": null,
    "embedding": null,
    "embedding_scaling_factor": null
}