{
    "column_id": "kaggle-short/datahepatitis.csv/Class",
    "dataset_name": "data",
    "dataset_id": "kaggle-short/data",
    "path": "/data/Niki/k-divided/kaggle-short/ahmettezcantekin.beginner-datasets/data/hepatitis.csv",
    "table_name": "hepatitis.csv",
    "table_id": "kaggle-short/datahepatitis.csv",
    "column_name": "Class",
    "data_source": "kaggle-short",
    "data_type": "boolean",
    "total_values_count": 154,
    "distinct_values_count": 2,
    "missing_values_count": 154,
    "true_ratio": 0.2077922077922078,
    "min_value": null,
    "max_value": null,
    "mean": null,
    "median": null,
    "iqr": null,
    "embedding": null,
    "embedding_scaling_factor": null
}