{
    "column_id": "kaggle-short5/dataHeart.csv/Sex",
    "dataset_name": "data",
    "dataset_id": "kaggle-short5/data",
    "path": "/data/Niki/k-divided/kaggle-short5/ishaanv.ISLR-Auto/data/Heart.csv",
    "table_name": "Heart.csv",
    "table_id": "kaggle-short5/dataHeart.csv",
    "column_name": "Sex",
    "data_source": "kaggle-short5",
    "data_type": "boolean",
    "total_values_count": 303,
    "distinct_values_count": 2,
    "missing_values_count": 303,
    "true_ratio": 0.6798679867986799,
    "min_value": null,
    "max_value": null,
    "mean": null,
    "median": null,
    "iqr": null,
    "embedding": null,
    "embedding_scaling_factor": null
}