{
    "column_id": "kaggle-short14/data2016_Financial_Data.csv/Class",
    "dataset_name": "data",
    "dataset_id": "kaggle-short14/data",
    "path": "/data/Niki/k-divided/kaggle-short14/cnic92.200-financial-indicators-of-us-stocks-20142018/data/2016_Financial_Data.csv",
    "table_name": "2016_Financial_Data.csv",
    "table_id": "kaggle-short14/data2016_Financial_Data.csv",
    "column_name": "Class",
    "data_source": "kaggle-short14",
    "data_type": "boolean",
    "total_values_count": 4797,
    "distinct_values_count": 2,
    "missing_values_count": 4797,
    "true_ratio": 0.670835939128622,
    "min_value": null,
    "max_value": null,
    "mean": null,
    "median": null,
    "iqr": null,
    "embedding": null,
    "embedding_scaling_factor": null
}