{
    "column_id": "kaggle-short/dataheart.csv/DEATH",
    "dataset_name": "data",
    "dataset_id": "kaggle-short/data",
    "path": "/data/Niki/k-divided/kaggle-short/ahmettezcantekin.beginner-datasets/data/heart.csv",
    "table_name": "heart.csv",
    "table_id": "kaggle-short/dataheart.csv",
    "column_name": "DEATH",
    "data_source": "kaggle-short",
    "data_type": "boolean",
    "total_values_count": 200,
    "distinct_values_count": 2,
    "missing_values_count": 200,
    "true_ratio": 0.32,
    "min_value": null,
    "max_value": null,
    "mean": null,
    "median": null,
    "iqr": null,
    "embedding": null,
    "embedding_scaling_factor": null
}