{
    "column_id": "kaggle-short16/datawater_potability.csv/Potability",
    "dataset_name": "data",
    "dataset_id": "kaggle-short16/data",
    "path": "/data/Niki/k-divided/kaggle-short16/adityakadiwal.water-potability/data/water_potability.csv",
    "table_name": "water_potability.csv",
    "table_id": "kaggle-short16/datawater_potability.csv",
    "column_name": "Potability",
    "data_source": "kaggle-short16",
    "data_type": "boolean",
    "total_values_count": 3276,
    "distinct_values_count": 2,
    "missing_values_count": 3276,
    "true_ratio": 0.3901098901098901,
    "min_value": null,
    "max_value": null,
    "mean": null,
    "median": null,
    "iqr": null,
    "embedding": null,
    "embedding_scaling_factor": null
}