{
    "column_id": "kaggle-short3/dataStarbucks+satisfactory+survey+encode+cleaned.csv/promoMethodDisplay",
    "dataset_name": "data",
    "dataset_id": "kaggle-short3/data",
    "path": "/data/Niki/k-divided/kaggle-short3/mahirahmzh.starbucks-customer-retention-malaysia-survey/data/Starbucks satisfactory survey encode cleaned.csv",
    "table_name": "Starbucks satisfactory survey encode cleaned.csv",
    "table_id": "kaggle-short3/dataStarbucks+satisfactory+survey+encode+cleaned.csv",
    "column_name": "promoMethodDisplay",
    "data_source": "kaggle-short3",
    "data_type": "boolean",
    "total_values_count": 113,
    "distinct_values_count": 1,
    "missing_values_count": 113,
    "true_ratio": 1.0,
    "min_value": null,
    "max_value": null,
    "mean": null,
    "median": null,
    "iqr": null,
    "embedding": null,
    "embedding_scaling_factor": null
}