{
    "column_id": "kaggle-short7/dataTrain_data.csv/num_shells",
    "dataset_name": "data",
    "dataset_id": "kaggle-short7/data",
    "path": "/data/Niki/k-divided/kaggle-short7/sampadab17.network-intrusion-detection/data/Train_data.csv",
    "table_name": "Train_data.csv",
    "table_id": "kaggle-short7/dataTrain_data.csv",
    "column_name": "num_shells",
    "data_source": "kaggle-short7",
    "data_type": "boolean",
    "total_values_count": 25192,
    "distinct_values_count": 2,
    "missing_values_count": 25192,
    "true_ratio": 0.0003572562718323277,
    "min_value": null,
    "max_value": null,
    "mean": null,
    "median": null,
    "iqr": null,
    "embedding": null,
    "embedding_scaling_factor": null
}