{
    "column_id": "kaggle-short10/datacreditcard.csv/Class",
    "dataset_name": "data",
    "dataset_id": "kaggle-short10/data",
    "path": "/data/Niki/k-divided/kaggle-short10/isaikumar.creditcardfraud/data/creditcard.csv",
    "table_name": "creditcard.csv",
    "table_id": "kaggle-short10/datacreditcard.csv",
    "column_name": "Class",
    "data_source": "kaggle-short10",
    "data_type": "boolean",
    "total_values_count": 284807,
    "distinct_values_count": 2,
    "missing_values_count": 284807,
    "true_ratio": 0.001727485630620034,
    "min_value": null,
    "max_value": null,
    "mean": null,
    "median": null,
    "iqr": null,
    "embedding": null,
    "embedding_scaling_factor": null
}