{
    "column_id": "kaggle-short5/datatest.csv/READY_TO_MOVE",
    "dataset_name": "data",
    "dataset_id": "kaggle-short5/data",
    "path": "/data/Niki/k-divided/kaggle-short5/anmolkumar.house-price-prediction-challenge/data/test.csv",
    "table_name": "test.csv",
    "table_id": "kaggle-short5/datatest.csv",
    "column_name": "READY_TO_MOVE",
    "data_source": "kaggle-short5",
    "data_type": "boolean",
    "total_values_count": 68720,
    "distinct_values_count": 2,
    "missing_values_count": 68720,
    "true_ratio": 0.8234429569266589,
    "min_value": null,
    "max_value": null,
    "mean": null,
    "median": null,
    "iqr": null,
    "embedding": null,
    "embedding_scaling_factor": null
}