{
    "column_id": "kaggle-short6/datatrain.csv/MobileNo_Avl_Flag",
    "dataset_name": "data",
    "dataset_id": "kaggle-short6/data",
    "path": "/data/Niki/k-divided/kaggle-short6/mamtadhaker.lt-vehicle-loan-default-prediction/data/train.csv",
    "table_name": "train.csv",
    "table_id": "kaggle-short6/datatrain.csv",
    "column_name": "MobileNo_Avl_Flag",
    "data_source": "kaggle-short6",
    "data_type": "boolean",
    "total_values_count": 233154,
    "distinct_values_count": 1,
    "missing_values_count": 233154,
    "true_ratio": 1.0,
    "min_value": null,
    "max_value": null,
    "mean": null,
    "median": null,
    "iqr": null,
    "embedding": null,
    "embedding_scaling_factor": null
}