{
    "column_id": "kaggle-short/dataFeatures+data+set.csv/IsHoliday",
    "dataset_name": "data",
    "dataset_id": "kaggle-short/data",
    "path": "/data/Niki/k-divided/kaggle-short/manjeetsingh.retaildataset/data/Features data set.csv",
    "table_name": "Features data set.csv",
    "table_id": "kaggle-short/dataFeatures+data+set.csv",
    "column_name": "IsHoliday",
    "data_source": "kaggle-short",
    "data_type": "boolean",
    "total_values_count": 8190,
    "distinct_values_count": 2,
    "missing_values_count": 8190,
    "true_ratio": 0.07142857142857142,
    "min_value": null,
    "max_value": null,
    "mean": null,
    "median": null,
    "iqr": null,
    "embedding": null,
    "embedding_scaling_factor": null
}