{
    "column_id": "kaggle-short/datatest.csv/awards_won%3F",
    "dataset_name": "data",
    "dataset_id": "kaggle-short/data",
    "path": "/data/Niki/k-divided/kaggle-short/shivan118.hranalysis/data/test.csv",
    "table_name": "test.csv",
    "table_id": "kaggle-short/datatest.csv",
    "column_name": "awards_won?",
    "data_source": "kaggle-short",
    "data_type": "boolean",
    "total_values_count": 23490,
    "distinct_values_count": 2,
    "missing_values_count": 23490,
    "true_ratio": 0.02277564921243082,
    "min_value": null,
    "max_value": null,
    "mean": null,
    "median": null,
    "iqr": null,
    "embedding": null,
    "embedding_scaling_factor": null
}