{
    "column_id": "kaggle-short17/dataheart_disease_health_indicators_BRFSS2015.csv/HighBP",
    "dataset_name": "data",
    "dataset_id": "kaggle-short17/data",
    "path": "/data/Niki/k-divided/kaggle-short17/alexteboul.heart-disease-health-indicators-dataset/data/heart_disease_health_indicators_BRFSS2015.csv",
    "table_name": "heart_disease_health_indicators_BRFSS2015.csv",
    "table_id": "kaggle-short17/dataheart_disease_health_indicators_BRFSS2015.csv",
    "column_name": "HighBP",
    "data_source": "kaggle-short17",
    "data_type": "boolean",
    "total_values_count": 253680,
    "distinct_values_count": 2,
    "missing_values_count": 253680,
    "true_ratio": 0.4290011037527594,
    "min_value": null,
    "max_value": null,
    "mean": null,
    "median": null,
    "iqr": null,
    "embedding": null,
    "embedding_scaling_factor": null
}