{
    "column_id": "kaggle-short6/datadata.csv/+Net+Income+Flag",
    "dataset_name": "data",
    "dataset_id": "kaggle-short6/data",
    "path": "/data/Niki/k-divided/kaggle-short6/fedesoriano.company-bankruptcy-prediction/data/data.csv",
    "table_name": "data.csv",
    "table_id": "kaggle-short6/datadata.csv",
    "column_name": " Net Income Flag",
    "data_source": "kaggle-short6",
    "data_type": "boolean",
    "total_values_count": 6819,
    "distinct_values_count": 1,
    "missing_values_count": 6819,
    "true_ratio": 1.0,
    "min_value": null,
    "max_value": null,
    "mean": null,
    "median": null,
    "iqr": null,
    "embedding": null,
    "embedding_scaling_factor": null
}