{
    "column_id": "kaggle-short10/dataChurn_Modelling.csv/HasCrCard",
    "dataset_name": "data",
    "dataset_id": "kaggle-short10/data",
    "path": "/data/Niki/k-divided/kaggle-short10/shrutimechlearn.churn-modelling/data/Churn_Modelling.csv",
    "table_name": "Churn_Modelling.csv",
    "table_id": "kaggle-short10/dataChurn_Modelling.csv",
    "column_name": "HasCrCard",
    "data_source": "kaggle-short10",
    "data_type": "boolean",
    "total_values_count": 10000,
    "distinct_values_count": 2,
    "missing_values_count": 10000,
    "true_ratio": 0.7055,
    "min_value": null,
    "max_value": null,
    "mean": null,
    "median": null,
    "iqr": null,
    "embedding": null,
    "embedding_scaling_factor": null
}