{
    "column_id": "kaggle-short/dataBRAZIL_CITIES_REV2022.csv/COMP_T",
    "dataset_name": "data",
    "dataset_id": "kaggle-short/data",
    "path": "/data/Niki/k-divided/kaggle-short/crisparada.brazilian-cities/data/BRAZIL_CITIES_REV2022.csv",
    "table_name": "BRAZIL_CITIES_REV2022.csv",
    "table_id": "kaggle-short/dataBRAZIL_CITIES_REV2022.csv",
    "column_name": "COMP_T",
    "data_source": "kaggle-short",
    "data_type": "boolean",
    "total_values_count": 5578,
    "distinct_values_count": 1,
    "missing_values_count": 5578,
    "true_ratio": 0.0,
    "min_value": null,
    "max_value": null,
    "mean": null,
    "median": null,
    "iqr": null,
    "embedding": null,
    "embedding_scaling_factor": null
}