{
    "column_id": "kaggle-short/dataheart_disease.csv/Disease",
    "dataset_name": "data",
    "dataset_id": "kaggle-short/data",
    "path": "/data/Niki/k-divided/kaggle-short/ahmettezcantekin.beginner-datasets/data/heart_disease.csv",
    "table_name": "heart_disease.csv",
    "table_id": "kaggle-short/dataheart_disease.csv",
    "column_name": "Disease",
    "data_source": "kaggle-short",
    "data_type": "boolean",
    "total_values_count": 270,
    "distinct_values_count": 2,
    "missing_values_count": 270,
    "true_ratio": 0.4444444444444444,
    "min_value": null,
    "max_value": null,
    "mean": null,
    "median": null,
    "iqr": null,
    "embedding": null,
    "embedding_scaling_factor": null
}