{
    "column_id": "kaggle-short15/dataSpeed+Dating+Data.csv/dec_o",
    "dataset_name": "data",
    "dataset_id": "kaggle-short15/data",
    "path": "/data/Niki/k-divided/kaggle-short15/annavictoria.speed-dating-experiment/data/Speed Dating Data.csv",
    "table_name": "Speed Dating Data.csv",
    "table_id": "kaggle-short15/dataSpeed+Dating+Data.csv",
    "column_name": "dec_o",
    "data_source": "kaggle-short15",
    "data_type": "boolean",
    "total_values_count": 8378,
    "distinct_values_count": 2,
    "missing_values_count": 8378,
    "true_ratio": 0.41955120553831465,
    "min_value": null,
    "max_value": null,
    "mean": null,
    "median": null,
    "iqr": null,
    "embedding": null,
    "embedding_scaling_factor": null
}