{
    "column_id": "kaggle-short1/datatrain.csv/external+URL",
    "dataset_name": "data",
    "dataset_id": "kaggle-short1/data",
    "path": "/data/Niki/k-divided/kaggle-short1/free4ever1.instagram-fake-spammer-genuine-accounts/data/train.csv",
    "table_name": "train.csv",
    "table_id": "kaggle-short1/datatrain.csv",
    "column_name": "external URL",
    "data_source": "kaggle-short1",
    "data_type": "boolean",
    "total_values_count": 576,
    "distinct_values_count": 2,
    "missing_values_count": 576,
    "true_ratio": 0.11631944444444445,
    "min_value": null,
    "max_value": null,
    "mean": null,
    "median": null,
    "iqr": null,
    "embedding": null,
    "embedding_scaling_factor": null
}