{
    "column_id": "kaggle-short4/dataBankNote_Authentication.csv/class",
    "dataset_name": "data",
    "dataset_id": "kaggle-short4/data",
    "path": "/data/Niki/k-divided/kaggle-short4/ritesaluja.bank-note-authentication-uci-data/data/BankNote_Authentication.csv",
    "table_name": "BankNote_Authentication.csv",
    "table_id": "kaggle-short4/dataBankNote_Authentication.csv",
    "column_name": "class",
    "data_source": "kaggle-short4",
    "data_type": "boolean",
    "total_values_count": 1372,
    "distinct_values_count": 2,
    "missing_values_count": 1372,
    "true_ratio": 0.4446064139941691,
    "min_value": null,
    "max_value": null,
    "mean": null,
    "median": null,
    "iqr": null,
    "embedding": null,
    "embedding_scaling_factor": null
}