{
    "column_id": "kaggle-short12/dataspam_ham_dataset.csv/label_num",
    "dataset_name": "data",
    "dataset_id": "kaggle-short12/data",
    "path": "/data/Niki/k-divided/kaggle-short12/venky73.spam-mails-dataset/data/spam_ham_dataset.csv",
    "table_name": "spam_ham_dataset.csv",
    "table_id": "kaggle-short12/dataspam_ham_dataset.csv",
    "column_name": "label_num",
    "data_source": "kaggle-short12",
    "data_type": "boolean",
    "total_values_count": 5171,
    "distinct_values_count": 2,
    "missing_values_count": 5171,
    "true_ratio": 0.2898859021465867,
    "min_value": null,
    "max_value": null,
    "mean": null,
    "median": null,
    "iqr": null,
    "embedding": null,
    "embedding_scaling_factor": null
}