{
    "column_id": "kaggle-short5/datapokemon.csv/Legendary",
    "dataset_name": "data",
    "dataset_id": "kaggle-short5/data",
    "path": "/data/Niki/k-divided/kaggle-short5/terminus7.pokemon-challenge/data/pokemon.csv",
    "table_name": "pokemon.csv",
    "table_id": "kaggle-short5/datapokemon.csv",
    "column_name": "Legendary",
    "data_source": "kaggle-short5",
    "data_type": "boolean",
    "total_values_count": 800,
    "distinct_values_count": 2,
    "missing_values_count": 800,
    "true_ratio": 0.08125,
    "min_value": null,
    "max_value": null,
    "mean": null,
    "median": null,
    "iqr": null,
    "embedding": null,
    "embedding_scaling_factor": null
}