{
    "column_id": "kaggle-short/datacarInsurance_test.csv/CarLoan",
    "dataset_name": "data",
    "dataset_id": "kaggle-short/data",
    "path": "/data/Niki/k-divided/kaggle-short/kondla.carinsurance/data/carInsurance_test.csv",
    "table_name": "carInsurance_test.csv",
    "table_id": "kaggle-short/datacarInsurance_test.csv",
    "column_name": "CarLoan",
    "data_source": "kaggle-short",
    "data_type": "boolean",
    "total_values_count": 1000,
    "distinct_values_count": 2,
    "missing_values_count": 1000,
    "true_ratio": 0.121,
    "min_value": null,
    "max_value": null,
    "mean": null,
    "median": null,
    "iqr": null,
    "embedding": null,
    "embedding_scaling_factor": null
}