{
    "column_id": "kaggle-short15/datatested.csv/Survived",
    "dataset_name": "data",
    "dataset_id": "kaggle-short15/data",
    "path": "/data/Niki/k-divided/kaggle-short15/brendan45774.test-file/data/tested.csv",
    "table_name": "tested.csv",
    "table_id": "kaggle-short15/datatested.csv",
    "column_name": "Survived",
    "data_source": "kaggle-short15",
    "data_type": "boolean",
    "total_values_count": 418,
    "distinct_values_count": 2,
    "missing_values_count": 418,
    "true_ratio": 0.36363636363636365,
    "min_value": null,
    "max_value": null,
    "mean": null,
    "median": null,
    "iqr": null,
    "embedding": null,
    "embedding_scaling_factor": null
}