{
    "column_id": "kaggle-short4/datafool.csv/shipping_is_express",
    "dataset_name": "data",
    "dataset_id": "kaggle-short4/data",
    "path": "/data/Niki/k-divided/kaggle-short4/jmmvutu.summer-products-and-sales-in-ecommerce-wish/data/fool.csv",
    "table_name": "fool.csv",
    "table_id": "kaggle-short4/datafool.csv",
    "column_name": "shipping_is_express",
    "data_source": "kaggle-short4",
    "data_type": "boolean",
    "total_values_count": 953,
    "distinct_values_count": 2,
    "missing_values_count": 953,
    "true_ratio": 0.1584470094438615,
    "min_value": null,
    "max_value": null,
    "mean": null,
    "median": null,
    "iqr": null,
    "embedding": null,
    "embedding_scaling_factor": null
}