{
    "column_id": "kaggle-short/dataheart.csv/exang",
    "dataset_name": "data",
    "dataset_id": "kaggle-short/data",
    "path": "/data/Niki/k-divided/kaggle-short/ronitf.heart-disease-uci/data/heart.csv",
    "table_name": "heart.csv",
    "table_id": "kaggle-short/dataheart.csv",
    "column_name": "exang",
    "data_source": "kaggle-short",
    "data_type": "boolean",
    "total_values_count": 303,
    "distinct_values_count": 2,
    "missing_values_count": 303,
    "true_ratio": 0.32673267326732675,
    "min_value": null,
    "max_value": null,
    "mean": null,
    "median": null,
    "iqr": null,
    "embedding": null,
    "embedding_scaling_factor": null
}