{
    "column_id": "kaggle-short/dataemployee.csv/left",
    "dataset_name": "data",
    "dataset_id": "kaggle-short/data",
    "path": "/data/Niki/k-divided/kaggle-short/ahmettezcantekin.beginner-datasets/data/employee.csv",
    "table_name": "employee.csv",
    "table_id": "kaggle-short/dataemployee.csv",
    "column_name": "left",
    "data_source": "kaggle-short",
    "data_type": "boolean",
    "total_values_count": 14999,
    "distinct_values_count": 2,
    "missing_values_count": 14999,
    "true_ratio": 0.2380825388359224,
    "min_value": null,
    "max_value": null,
    "mean": null,
    "median": null,
    "iqr": null,
    "embedding": null,
    "embedding_scaling_factor": null
}