{
    "column_id": "kaggle-short/datacancer.csv/Class",
    "dataset_name": "data",
    "dataset_id": "kaggle-short/data",
    "path": "/data/Niki/k-divided/kaggle-short/ahmettezcantekin.beginner-datasets/data/cancer.csv",
    "table_name": "cancer.csv",
    "table_id": "kaggle-short/datacancer.csv",
    "column_name": "Class",
    "data_source": "kaggle-short",
    "data_type": "boolean",
    "total_values_count": 683,
    "distinct_values_count": 2,
    "missing_values_count": 683,
    "true_ratio": 0.34992679355783307,
    "min_value": null,
    "max_value": null,
    "mean": null,
    "median": null,
    "iqr": null,
    "embedding": null,
    "embedding_scaling_factor": null
}