{
    "column_id": "kaggle-short9/dataVideo_games_esrb_rating.csv/language",
    "dataset_name": "data",
    "dataset_id": "kaggle-short9/data",
    "path": "/data/Niki/k-divided/kaggle-short9/imohtn.video-games-rating-by-esrb/data/Video_games_esrb_rating.csv",
    "table_name": "Video_games_esrb_rating.csv",
    "table_id": "kaggle-short9/dataVideo_games_esrb_rating.csv",
    "column_name": "language",
    "data_source": "kaggle-short9",
    "data_type": "boolean",
    "total_values_count": 1895,
    "distinct_values_count": 2,
    "missing_values_count": 1895,
    "true_ratio": 0.10817941952506596,
    "min_value": null,
    "max_value": null,
    "mean": null,
    "median": null,
    "iqr": null,
    "embedding": null,
    "embedding_scaling_factor": null
}