{
    "column_id": "kaggle-short/dataafrican_crises.csv/inflation_crises",
    "dataset_name": "data",
    "dataset_id": "kaggle-short/data",
    "path": "/data/Niki/k-divided/kaggle-short/chirin.africa-economic-banking-and-systemic-crisis-data/data/african_crises.csv",
    "table_name": "african_crises.csv",
    "table_id": "kaggle-short/dataafrican_crises.csv",
    "column_name": "inflation_crises",
    "data_source": "kaggle-short",
    "data_type": "boolean",
    "total_values_count": 1059,
    "distinct_values_count": 2,
    "missing_values_count": 1059,
    "true_ratio": 0.12936732766761094,
    "min_value": null,
    "max_value": null,
    "mean": null,
    "median": null,
    "iqr": null,
    "embedding": null,
    "embedding_scaling_factor": null
}