{
    "column_id": "kaggle-short16/datacsgo_round_snapshots.csv/ct_weapon_scar20",
    "dataset_name": "data",
    "dataset_id": "kaggle-short16/data",
    "path": "/data/Niki/k-divided/kaggle-short16/christianlillelund.csgo-round-winner-classification/data/csgo_round_snapshots.csv",
    "table_name": "csgo_round_snapshots.csv",
    "table_id": "kaggle-short16/datacsgo_round_snapshots.csv",
    "column_name": "ct_weapon_scar20",
    "data_source": "kaggle-short16",
    "data_type": "boolean",
    "total_values_count": 122410,
    "distinct_values_count": 2,
    "missing_values_count": 122410,
    "true_ratio": 0.0007188955150722981,
    "min_value": null,
    "max_value": null,
    "mean": null,
    "median": null,
    "iqr": null,
    "embedding": null,
    "embedding_scaling_factor": null
}