{
    "column_id": "kaggle-short1/dataepl2020.csv/AR.x",
    "dataset_name": "data",
    "dataset_id": "kaggle-short1/data",
    "path": "/data/Niki/k-divided/kaggle-short1/idoyo92.epl-stats-20192020/data/epl2020.csv",
    "table_name": "epl2020.csv",
    "table_id": "kaggle-short1/dataepl2020.csv",
    "column_name": "AR.x",
    "data_source": "kaggle-short1",
    "data_type": "boolean",
    "total_values_count": 576,
    "distinct_values_count": 2,
    "missing_values_count": 576,
    "true_ratio": 0.0625,
    "min_value": null,
    "max_value": null,
    "mean": null,
    "median": null,
    "iqr": null,
    "embedding": null,
    "embedding_scaling_factor": null
}