{
    "column_id": "kaggle-short1/dataplayers_1920_fin.csv/was_home",
    "dataset_name": "data",
    "dataset_id": "kaggle-short1/data",
    "path": "/data/Niki/k-divided/kaggle-short1/idoyo92.epl-stats-20192020/data/players_1920_fin.csv",
    "table_name": "players_1920_fin.csv",
    "table_id": "kaggle-short1/dataplayers_1920_fin.csv",
    "column_name": "was_home",
    "data_source": "kaggle-short1",
    "data_type": "boolean",
    "total_values_count": 22502,
    "distinct_values_count": 2,
    "missing_values_count": 22502,
    "true_ratio": 0.49964447604657364,
    "min_value": null,
    "max_value": null,
    "mean": null,
    "median": null,
    "iqr": null,
    "embedding": null,
    "embedding_scaling_factor": null
}