{
    "column_id": "kaggle-short/databike.csv/yr",
    "dataset_name": "data",
    "dataset_id": "kaggle-short/data",
    "path": "/data/Niki/k-divided/kaggle-short/ahmettezcantekin.beginner-datasets/data/bike.csv",
    "table_name": "bike.csv",
    "table_id": "kaggle-short/databike.csv",
    "column_name": "yr",
    "data_source": "kaggle-short",
    "data_type": "boolean",
    "total_values_count": 17379,
    "distinct_values_count": 2,
    "missing_values_count": 17379,
    "true_ratio": 0.5025605615973301,
    "min_value": null,
    "max_value": null,
    "mean": null,
    "median": null,
    "iqr": null,
    "embedding": null,
    "embedding_scaling_factor": null
}