{
    "column_id": "kaggle-short/databoston.csv/chas",
    "dataset_name": "data",
    "dataset_id": "kaggle-short/data",
    "path": "/data/Niki/k-divided/kaggle-short/ahmettezcantekin.beginner-datasets/data/boston.csv",
    "table_name": "boston.csv",
    "table_id": "kaggle-short/databoston.csv",
    "column_name": "chas",
    "data_source": "kaggle-short",
    "data_type": "boolean",
    "total_values_count": 506,
    "distinct_values_count": 2,
    "missing_values_count": 506,
    "true_ratio": 0.0691699604743083,
    "min_value": null,
    "max_value": null,
    "mean": null,
    "median": null,
    "iqr": null,
    "embedding": null,
    "embedding_scaling_factor": null
}