{
    "column_id": "kaggle-short10/dataHR_comma_sep.csv/promotion_last_5years",
    "dataset_name": "data",
    "dataset_id": "kaggle-short10/data",
    "path": "/data/Niki/k-divided/kaggle-short10/giripujar.hr-analytics/data/HR_comma_sep.csv",
    "table_name": "HR_comma_sep.csv",
    "table_id": "kaggle-short10/dataHR_comma_sep.csv",
    "column_name": "promotion_last_5years",
    "data_source": "kaggle-short10",
    "data_type": "boolean",
    "total_values_count": 14999,
    "distinct_values_count": 2,
    "missing_values_count": 14999,
    "true_ratio": 0.021268084538969265,
    "min_value": null,
    "max_value": null,
    "mean": null,
    "median": null,
    "iqr": null,
    "embedding": null,
    "embedding_scaling_factor": null
}