{
    "column_id": "kaggle-short8/datatrain.csv/Survived",
    "dataset_name": "data",
    "dataset_id": "kaggle-short8/data",
    "path": "/data/Niki/k-divided/kaggle-short8/hesh97.titanicdataset-traincsv/data/train.csv",
    "table_name": "train.csv",
    "table_id": "kaggle-short8/datatrain.csv",
    "column_name": "Survived",
    "data_source": "kaggle-short8",
    "data_type": "boolean",
    "total_values_count": 891,
    "distinct_values_count": 2,
    "missing_values_count": 891,
    "true_ratio": 0.3838383838383838,
    "min_value": null,
    "max_value": null,
    "mean": null,
    "median": null,
    "iqr": null,
    "embedding": null,
    "embedding_scaling_factor": null
}