{
    "column_id": "kaggle-short9/datatest_esrb.csv/mild_lyrics",
    "dataset_name": "data",
    "dataset_id": "kaggle-short9/data",
    "path": "/data/Niki/k-divided/kaggle-short9/imohtn.video-games-rating-by-esrb/data/test_esrb.csv",
    "table_name": "test_esrb.csv",
    "table_id": "kaggle-short9/datatest_esrb.csv",
    "column_name": "mild_lyrics",
    "data_source": "kaggle-short9",
    "data_type": "boolean",
    "total_values_count": 500,
    "distinct_values_count": 2,
    "missing_values_count": 500,
    "true_ratio": 0.064,
    "min_value": null,
    "max_value": null,
    "mean": null,
    "median": null,
    "iqr": null,
    "embedding": null,
    "embedding_scaling_factor": null
}