{
    "column_id": "kaggle-short/datanba.csv/TARGET_5Yrs",
    "dataset_name": "data",
    "dataset_id": "kaggle-short/data",
    "path": "/data/Niki/k-divided/kaggle-short/ahmettezcantekin.beginner-datasets/data/nba.csv",
    "table_name": "nba.csv",
    "table_id": "kaggle-short/datanba.csv",
    "column_name": "TARGET_5Yrs",
    "data_source": "kaggle-short",
    "data_type": "boolean",
    "total_values_count": 1340,
    "distinct_values_count": 2,
    "missing_values_count": 1340,
    "true_ratio": 0.6201492537313433,
    "min_value": null,
    "max_value": null,
    "mean": null,
    "median": null,
    "iqr": null,
    "embedding": null,
    "embedding_scaling_factor": null
}