{
    "column_id": "kaggle-short7/dataiot_telemetry_data.csv/light",
    "dataset_name": "data",
    "dataset_id": "kaggle-short7/data",
    "path": "/data/Niki/k-divided/kaggle-short7/garystafford.environmental-sensor-data-132k/data/iot_telemetry_data.csv",
    "table_name": "iot_telemetry_data.csv",
    "table_id": "kaggle-short7/dataiot_telemetry_data.csv",
    "column_name": "light",
    "data_source": "kaggle-short7",
    "data_type": "boolean",
    "total_values_count": 405184,
    "distinct_values_count": 2,
    "missing_values_count": 405184,
    "true_ratio": 0.27771827120518083,
    "min_value": null,
    "max_value": null,
    "mean": null,
    "median": null,
    "iqr": null,
    "embedding": null,
    "embedding_scaling_factor": null
}