{
    "column_id": "kaggle-short13/datapreprocessed_data.csv/weight_class_Lightweight",
    "dataset_name": "data",
    "dataset_id": "kaggle-short13/data",
    "path": "/data/Niki/k-divided/kaggle-short13/rajeevw.ufcdata/data/preprocessed_data.csv",
    "table_name": "preprocessed_data.csv",
    "table_id": "kaggle-short13/datapreprocessed_data.csv",
    "column_name": "weight_class_Lightweight",
    "data_source": "kaggle-short13",
    "data_type": "boolean",
    "total_values_count": 5902,
    "distinct_values_count": 2,
    "missing_values_count": 5902,
    "true_ratio": 0.18163334462893935,
    "min_value": null,
    "max_value": null,
    "mean": null,
    "median": null,
    "iqr": null,
    "embedding": null,
    "embedding_scaling_factor": null
}