{
    "column_id": "kaggle-short7/dataTest_data.csv/num_outbound_cmds",
    "dataset_name": "data",
    "dataset_id": "kaggle-short7/data",
    "path": "/data/Niki/k-divided/kaggle-short7/sampadab17.network-intrusion-detection/data/Test_data.csv",
    "table_name": "Test_data.csv",
    "table_id": "kaggle-short7/dataTest_data.csv",
    "column_name": "num_outbound_cmds",
    "data_source": "kaggle-short7",
    "data_type": "boolean",
    "total_values_count": 22544,
    "distinct_values_count": 1,
    "missing_values_count": 22544,
    "true_ratio": 0.0,
    "min_value": null,
    "max_value": null,
    "mean": null,
    "median": null,
    "iqr": null,
    "embedding": null,
    "embedding_scaling_factor": null
}