{
    "column_id": "kaggle-short/datajuice.csv/SpecialCH",
    "dataset_name": "data",
    "dataset_id": "kaggle-short/data",
    "path": "/data/Niki/k-divided/kaggle-short/ahmettezcantekin.beginner-datasets/data/juice.csv",
    "table_name": "juice.csv",
    "table_id": "kaggle-short/datajuice.csv",
    "column_name": "SpecialCH",
    "data_source": "kaggle-short",
    "data_type": "boolean",
    "total_values_count": 1070,
    "distinct_values_count": 2,
    "missing_values_count": 1070,
    "true_ratio": 0.14766355140186915,
    "min_value": null,
    "max_value": null,
    "mean": null,
    "median": null,
    "iqr": null,
    "embedding": null,
    "embedding_scaling_factor": null
}