{
    "column_id": "kaggle-short8/dataChurn+Modeling.csv/Exited",
    "dataset_name": "data",
    "dataset_id": "kaggle-short8/data",
    "path": "/data/Niki/k-divided/kaggle-short8/santoshd3.bank-customers/data/Churn Modeling.csv",
    "table_name": "Churn Modeling.csv",
    "table_id": "kaggle-short8/dataChurn+Modeling.csv",
    "column_name": "Exited",
    "data_source": "kaggle-short8",
    "data_type": "boolean",
    "total_values_count": 10000,
    "distinct_values_count": 2,
    "missing_values_count": 10000,
    "true_ratio": 0.2037,
    "min_value": null,
    "max_value": null,
    "mean": null,
    "median": null,
    "iqr": null,
    "embedding": null,
    "embedding_scaling_factor": null
}