{
    "column_id": "kaggle-short5/datatrain.csv/RESALE",
    "dataset_name": "data",
    "dataset_id": "kaggle-short5/data",
    "path": "/data/Niki/k-divided/kaggle-short5/anmolkumar.house-price-prediction-challenge/data/train.csv",
    "table_name": "train.csv",
    "table_id": "kaggle-short5/datatrain.csv",
    "column_name": "RESALE",
    "data_source": "kaggle-short5",
    "data_type": "boolean",
    "total_values_count": 29451,
    "distinct_values_count": 2,
    "missing_values_count": 29451,
    "true_ratio": 0.929577943024006,
    "min_value": null,
    "max_value": null,
    "mean": null,
    "median": null,
    "iqr": null,
    "embedding": null,
    "embedding_scaling_factor": null
}