{
    "column_id": "kaggle-short4/dataLS_2.0.csv/WINNER",
    "dataset_name": "data",
    "dataset_id": "kaggle-short4/data",
    "path": "/data/Niki/k-divided/kaggle-short4/prakrutchauhan.indian-candidates-for-general-election-2019/data/LS_2.0.csv",
    "table_name": "LS_2.0.csv",
    "table_id": "kaggle-short4/dataLS_2.0.csv",
    "column_name": "WINNER",
    "data_source": "kaggle-short4",
    "data_type": "boolean",
    "total_values_count": 2263,
    "distinct_values_count": 2,
    "missing_values_count": 2263,
    "true_ratio": 0.23817940786566505,
    "min_value": null,
    "max_value": null,
    "mean": null,
    "median": null,
    "iqr": null,
    "embedding": null,
    "embedding_scaling_factor": null
}