{
    "column_id": "kaggle-short/dataincome.csv/income+%3E50K",
    "dataset_name": "data",
    "dataset_id": "kaggle-short/data",
    "path": "/data/Niki/k-divided/kaggle-short/ahmettezcantekin.beginner-datasets/data/income.csv",
    "table_name": "income.csv",
    "table_id": "kaggle-short/dataincome.csv",
    "column_name": "income >50K",
    "data_source": "kaggle-short",
    "data_type": "boolean",
    "total_values_count": 32561,
    "distinct_values_count": 2,
    "missing_values_count": 32561,
    "true_ratio": 0.2408095574460244,
    "min_value": null,
    "max_value": null,
    "mean": null,
    "median": null,
    "iqr": null,
    "embedding": null,
    "embedding_scaling_factor": null
}