{
    "column_id": "kaggle-short/dataipl.csv/X5w",
    "dataset_name": "data",
    "dataset_id": "kaggle-short/data",
    "path": "/data/Niki/k-divided/kaggle-short/ahmettezcantekin.beginner-datasets/data/ipl.csv",
    "table_name": "ipl.csv",
    "table_id": "kaggle-short/dataipl.csv",
    "column_name": "X5w",
    "data_source": "kaggle-short",
    "data_type": "boolean",
    "total_values_count": 143,
    "distinct_values_count": 2,
    "missing_values_count": 143,
    "true_ratio": 0.006993006993006993,
    "min_value": null,
    "max_value": null,
    "mean": null,
    "median": null,
    "iqr": null,
    "embedding": null,
    "embedding_scaling_factor": null
}