{
    "column_id": "kaggle-short1/datatest.csv/private",
    "dataset_name": "data",
    "dataset_id": "kaggle-short1/data",
    "path": "/data/Niki/k-divided/kaggle-short1/free4ever1.instagram-fake-spammer-genuine-accounts/data/test.csv",
    "table_name": "test.csv",
    "table_id": "kaggle-short1/datatest.csv",
    "column_name": "private",
    "data_source": "kaggle-short1",
    "data_type": "boolean",
    "total_values_count": 120,
    "distinct_values_count": 2,
    "missing_values_count": 120,
    "true_ratio": 0.30833333333333335,
    "min_value": null,
    "max_value": null,
    "mean": null,
    "median": null,
    "iqr": null,
    "embedding": null,
    "embedding_scaling_factor": null
}