{
    "column_id": "kaggle-short/datacredit.csv/default",
    "dataset_name": "data",
    "dataset_id": "kaggle-short/data",
    "path": "/data/Niki/k-divided/kaggle-short/ahmettezcantekin.beginner-datasets/data/credit.csv",
    "table_name": "credit.csv",
    "table_id": "kaggle-short/datacredit.csv",
    "column_name": "default",
    "data_source": "kaggle-short",
    "data_type": "boolean",
    "total_values_count": 24000,
    "distinct_values_count": 2,
    "missing_values_count": 24000,
    "true_ratio": 0.22108333333333333,
    "min_value": null,
    "max_value": null,
    "mean": null,
    "median": null,
    "iqr": null,
    "embedding": null,
    "embedding_scaling_factor": null
}