{
    "column_id": "kaggle-short2/dataframingham.csv/male",
    "dataset_name": "data",
    "dataset_id": "kaggle-short2/data",
    "path": "/data/Niki/k-divided/kaggle-short2/dileep070.heart-disease-prediction-using-logistic-regression/data/framingham.csv",
    "table_name": "framingham.csv",
    "table_id": "kaggle-short2/dataframingham.csv",
    "column_name": "male",
    "data_source": "kaggle-short2",
    "data_type": "boolean",
    "total_values_count": 4238,
    "distinct_values_count": 2,
    "missing_values_count": 4238,
    "true_ratio": 0.42921189240207647,
    "min_value": null,
    "max_value": null,
    "mean": null,
    "median": null,
    "iqr": null,
    "embedding": null,
    "embedding_scaling_factor": null
}