{
    "column_id": "kaggle-short6/datatest.csv/Aadhar_flag",
    "dataset_name": "data",
    "dataset_id": "kaggle-short6/data",
    "path": "/data/Niki/k-divided/kaggle-short6/mamtadhaker.lt-vehicle-loan-default-prediction/data/test.csv",
    "table_name": "test.csv",
    "table_id": "kaggle-short6/datatest.csv",
    "column_name": "Aadhar_flag",
    "data_source": "kaggle-short6",
    "data_type": "boolean",
    "total_values_count": 112392,
    "distinct_values_count": 2,
    "missing_values_count": 112392,
    "true_ratio": 0.8696259520250552,
    "min_value": null,
    "max_value": null,
    "mean": null,
    "median": null,
    "iqr": null,
    "embedding": null,
    "embedding_scaling_factor": null
}