{
    "column_id": "kaggle-short1/databigml_59c28831336c6604c800002a.csv/churn",
    "dataset_name": "data",
    "dataset_id": "kaggle-short1/data",
    "path": "/data/Niki/k-divided/kaggle-short1/becksddf.churn-in-telecoms-dataset/data/bigml_59c28831336c6604c800002a.csv",
    "table_name": "bigml_59c28831336c6604c800002a.csv",
    "table_id": "kaggle-short1/databigml_59c28831336c6604c800002a.csv",
    "column_name": "churn",
    "data_source": "kaggle-short1",
    "data_type": "boolean",
    "total_values_count": 3333,
    "distinct_values_count": 2,
    "missing_values_count": 3333,
    "true_ratio": 0.14491449144914492,
    "min_value": null,
    "max_value": null,
    "mean": null,
    "median": null,
    "iqr": null,
    "embedding": null,
    "embedding_scaling_factor": null
}