{
    "column_id": "kaggle-short5/dataepldata_final.csv/big_club",
    "dataset_name": "data",
    "dataset_id": "kaggle-short5/data",
    "path": "/data/Niki/k-divided/kaggle-short5/mauryashubham.english-premier-league-players-dataset/data/epldata_final.csv",
    "table_name": "epldata_final.csv",
    "table_id": "kaggle-short5/dataepldata_final.csv",
    "column_name": "big_club",
    "data_source": "kaggle-short5",
    "data_type": "boolean",
    "total_values_count": 461,
    "distinct_values_count": 2,
    "missing_values_count": 461,
    "true_ratio": 0.3036876355748373,
    "min_value": null,
    "max_value": null,
    "mean": null,
    "median": null,
    "iqr": null,
    "embedding": null,
    "embedding_scaling_factor": null
}