{
    "column_id": "kaggle-short10/datahotel_bookings.csv/is_canceled",
    "dataset_name": "data",
    "dataset_id": "kaggle-short10/data",
    "path": "/data/Niki/k-divided/kaggle-short10/jessemostipak.hotel-booking-demand/data/hotel_bookings.csv",
    "table_name": "hotel_bookings.csv",
    "table_id": "kaggle-short10/datahotel_bookings.csv",
    "column_name": "is_canceled",
    "data_source": "kaggle-short10",
    "data_type": "boolean",
    "total_values_count": 119390,
    "distinct_values_count": 2,
    "missing_values_count": 119390,
    "true_ratio": 0.37041628277075134,
    "min_value": null,
    "max_value": null,
    "mean": null,
    "median": null,
    "iqr": null,
    "embedding": null,
    "embedding_scaling_factor": null
}