{
    "column_id": "kaggle-short12/dataWA_Fn-UseC_-HR-Employee-Attrition.csv/EmployeeCount",
    "dataset_name": "data",
    "dataset_id": "kaggle-short12/data",
    "path": "/data/Niki/k-divided/kaggle-short12/patelprashant.employee-attrition/data/WA_Fn-UseC_-HR-Employee-Attrition.csv",
    "table_name": "WA_Fn-UseC_-HR-Employee-Attrition.csv",
    "table_id": "kaggle-short12/dataWA_Fn-UseC_-HR-Employee-Attrition.csv",
    "column_name": "EmployeeCount",
    "data_source": "kaggle-short12",
    "data_type": "boolean",
    "total_values_count": 1470,
    "distinct_values_count": 1,
    "missing_values_count": 1470,
    "true_ratio": 1.0,
    "min_value": null,
    "max_value": null,
    "mean": null,
    "median": null,
    "iqr": null,
    "embedding": null,
    "embedding_scaling_factor": null
}