{
    "column_id": "kaggle-short17/datadiabetes.csv/Outcome",
    "dataset_name": "data",
    "dataset_id": "kaggle-short17/data",
    "path": "/data/Niki/k-divided/kaggle-short17/uciml.pima-indians-diabetes-database/data/diabetes.csv",
    "table_name": "diabetes.csv",
    "table_id": "kaggle-short17/datadiabetes.csv",
    "column_name": "Outcome",
    "data_source": "kaggle-short17",
    "data_type": "boolean",
    "total_values_count": 768,
    "distinct_values_count": 2,
    "missing_values_count": 768,
    "true_ratio": 0.3489583333333333,
    "min_value": null,
    "max_value": null,
    "mean": null,
    "median": null,
    "iqr": null,
    "embedding": null,
    "embedding_scaling_factor": null
}