{
    "column_id": "kaggle-short4/datacars.csv/feature_2",
    "dataset_name": "data",
    "dataset_id": "kaggle-short4/data",
    "path": "/data/Niki/k-divided/kaggle-short4/lepchenkov.usedcarscatalog/data/cars.csv",
    "table_name": "cars.csv",
    "table_id": "kaggle-short4/datacars.csv",
    "column_name": "feature_2",
    "data_source": "kaggle-short4",
    "data_type": "boolean",
    "total_values_count": 38531,
    "distinct_values_count": 2,
    "missing_values_count": 38531,
    "true_ratio": 0.22381978147465678,
    "min_value": null,
    "max_value": null,
    "mean": null,
    "median": null,
    "iqr": null,
    "embedding": null,
    "embedding_scaling_factor": null
}