{
    "column_id": "kaggle-short/datatraffic.csv/Rush+Hour",
    "dataset_name": "data",
    "dataset_id": "kaggle-short/data",
    "path": "/data/Niki/k-divided/kaggle-short/ahmettezcantekin.beginner-datasets/data/traffic.csv",
    "table_name": "traffic.csv",
    "table_id": "kaggle-short/datatraffic.csv",
    "column_name": "Rush Hour",
    "data_source": "kaggle-short",
    "data_type": "boolean",
    "total_values_count": 48204,
    "distinct_values_count": 2,
    "missing_values_count": 48204,
    "true_ratio": 0.2501244709982574,
    "min_value": null,
    "max_value": null,
    "mean": null,
    "median": null,
    "iqr": null,
    "embedding": null,
    "embedding_scaling_factor": null
}