{
    "column_id": "kaggle-short3/datahousing_in_london_monthly_variables.csv/borough_flag",
    "dataset_name": "data",
    "dataset_id": "kaggle-short3/data",
    "path": "/data/Niki/k-divided/kaggle-short3/justinas.housing-in-london/data/housing_in_london_monthly_variables.csv",
    "table_name": "housing_in_london_monthly_variables.csv",
    "table_id": "kaggle-short3/datahousing_in_london_monthly_variables.csv",
    "column_name": "borough_flag",
    "data_source": "kaggle-short3",
    "data_type": "boolean",
    "total_values_count": 13549,
    "distinct_values_count": 2,
    "missing_values_count": 13549,
    "true_ratio": 0.7333382537456639,
    "min_value": null,
    "max_value": null,
    "mean": null,
    "median": null,
    "iqr": null,
    "embedding": null,
    "embedding_scaling_factor": null
}