{
    "column_id": "kaggle-short5/datahousingdata.csv/0",
    "dataset_name": "data",
    "dataset_id": "kaggle-short5/data",
    "path": "/data/Niki/k-divided/kaggle-short5/apratim87.housingdata/data/housingdata.csv",
    "table_name": "housingdata.csv",
    "table_id": "kaggle-short5/datahousingdata.csv",
    "column_name": "0",
    "data_source": "kaggle-short5",
    "data_type": "boolean",
    "total_values_count": 505,
    "distinct_values_count": 2,
    "missing_values_count": 505,
    "true_ratio": 0.06930693069306931,
    "min_value": null,
    "max_value": null,
    "mean": null,
    "median": null,
    "iqr": null,
    "embedding": null,
    "embedding_scaling_factor": null
}