{
    "column_id": "kaggle-short9/datadiabetes_012_health_indicators_BRFSS2015.csv/AnyHealthcare",
    "dataset_name": "data",
    "dataset_id": "kaggle-short9/data",
    "path": "/data/Niki/k-divided/kaggle-short9/alexteboul.diabetes-health-indicators-dataset/data/diabetes_012_health_indicators_BRFSS2015.csv",
    "table_name": "diabetes_012_health_indicators_BRFSS2015.csv",
    "table_id": "kaggle-short9/datadiabetes_012_health_indicators_BRFSS2015.csv",
    "column_name": "AnyHealthcare",
    "data_source": "kaggle-short9",
    "data_type": "boolean",
    "total_values_count": 253680,
    "distinct_values_count": 2,
    "missing_values_count": 253680,
    "true_ratio": 0.9510525070955534,
    "min_value": null,
    "max_value": null,
    "mean": null,
    "median": null,
    "iqr": null,
    "embedding": null,
    "embedding_scaling_factor": null
}