{
    "column_id": "kaggle-short4/datasummer-products-with-rating-and-performance_2020-08.csv/merchant_has_profile_picture",
    "dataset_name": "data",
    "dataset_id": "kaggle-short4/data",
    "path": "/data/Niki/k-divided/kaggle-short4/jmmvutu.summer-products-and-sales-in-ecommerce-wish/data/summer-products-with-rating-and-performance_2020-08.csv",
    "table_name": "summer-products-with-rating-and-performance_2020-08.csv",
    "table_id": "kaggle-short4/datasummer-products-with-rating-and-performance_2020-08.csv",
    "column_name": "merchant_has_profile_picture",
    "data_source": "kaggle-short4",
    "data_type": "boolean",
    "total_values_count": 1573,
    "distinct_values_count": 2,
    "missing_values_count": 1573,
    "true_ratio": 0.14367450731087095,
    "min_value": null,
    "max_value": null,
    "mean": null,
    "median": null,
    "iqr": null,
    "embedding": null,
    "embedding_scaling_factor": null
}