{
    "column_id": "kaggle-short/datatrain.csv/awards_won%3F",
    "dataset_name": "data",
    "dataset_id": "kaggle-short/data",
    "path": "/data/Niki/k-divided/kaggle-short/shivan118.hranalysis/data/train.csv",
    "table_name": "train.csv",
    "table_id": "kaggle-short/datatrain.csv",
    "column_name": "awards_won?",
    "data_source": "kaggle-short",
    "data_type": "boolean",
    "total_values_count": 54808,
    "distinct_values_count": 2,
    "missing_values_count": 54808,
    "true_ratio": 0.023171799737264635,
    "min_value": null,
    "max_value": null,
    "mean": null,
    "median": null,
    "iqr": null,
    "embedding": null,
    "embedding_scaling_factor": null
}