{
    "column_id": "kaggle-short5/datasample_submission.csv/TARGET%28PRICE_IN_LACS%29",
    "dataset_name": "data",
    "dataset_id": "kaggle-short5/data",
    "path": "/data/Niki/k-divided/kaggle-short5/anmolkumar.house-price-prediction-challenge/data/sample_submission.csv",
    "table_name": "sample_submission.csv",
    "table_id": "kaggle-short5/datasample_submission.csv",
    "column_name": "TARGET(PRICE_IN_LACS)",
    "data_source": "kaggle-short5",
    "data_type": "boolean",
    "total_values_count": 68720,
    "distinct_values_count": 1,
    "missing_values_count": 68720,
    "true_ratio": 0.0,
    "min_value": null,
    "max_value": null,
    "mean": null,
    "median": null,
    "iqr": null,
    "embedding": null,
    "embedding_scaling_factor": null
}