{
    "column_id": "kaggle-short9/dataheart_failure_clinical_records_dataset.csv/diabetes",
    "dataset_name": "data",
    "dataset_id": "kaggle-short9/data",
    "path": "/data/Niki/k-divided/kaggle-short9/andrewmvd.heart-failure-clinical-data/data/heart_failure_clinical_records_dataset.csv",
    "table_name": "heart_failure_clinical_records_dataset.csv",
    "table_id": "kaggle-short9/dataheart_failure_clinical_records_dataset.csv",
    "column_name": "diabetes",
    "data_source": "kaggle-short9",
    "data_type": "boolean",
    "total_values_count": 299,
    "distinct_values_count": 2,
    "missing_values_count": 299,
    "true_ratio": 0.4180602006688963,
    "min_value": null,
    "max_value": null,
    "mean": null,
    "median": null,
    "iqr": null,
    "embedding": null,
    "embedding_scaling_factor": null
}