{
    "column_id": "kaggle-short7/dataCleaned-Data.csv/Age_0-9",
    "dataset_name": "data",
    "dataset_id": "kaggle-short7/data",
    "path": "/data/Niki/k-divided/kaggle-short7/iamhungundji.covid19-symptoms-checker/data/Cleaned-Data.csv",
    "table_name": "Cleaned-Data.csv",
    "table_id": "kaggle-short7/dataCleaned-Data.csv",
    "column_name": "Age_0-9",
    "data_source": "kaggle-short7",
    "data_type": "boolean",
    "total_values_count": 316800,
    "distinct_values_count": 2,
    "missing_values_count": 316800,
    "true_ratio": 0.2,
    "min_value": null,
    "max_value": null,
    "mean": null,
    "median": null,
    "iqr": null,
    "embedding": null,
    "embedding_scaling_factor": null
}