{
    "column_id": "kaggle-short7/dataheart.csv/exng",
    "dataset_name": "data",
    "dataset_id": "kaggle-short7/data",
    "path": "/data/Niki/k-divided/kaggle-short7/rashikrahmanpritom.heart-attack-analysis-prediction-dataset/data/heart.csv",
    "table_name": "heart.csv",
    "table_id": "kaggle-short7/dataheart.csv",
    "column_name": "exng",
    "data_source": "kaggle-short7",
    "data_type": "boolean",
    "total_values_count": 303,
    "distinct_values_count": 2,
    "missing_values_count": 303,
    "true_ratio": 0.32673267326732675,
    "min_value": null,
    "max_value": null,
    "mean": null,
    "median": null,
    "iqr": null,
    "embedding": null,
    "embedding_scaling_factor": null
}