{
    "column_id": "kaggle-short10/datahouses_to_rent.csv/city",
    "dataset_name": "data",
    "dataset_id": "kaggle-short10/data",
    "path": "/data/Niki/k-divided/kaggle-short10/rubenssjr.brasilian-houses-to-rent/data/houses_to_rent.csv",
    "table_name": "houses_to_rent.csv",
    "table_id": "kaggle-short10/datahouses_to_rent.csv",
    "column_name": "city",
    "data_source": "kaggle-short10",
    "data_type": "boolean",
    "total_values_count": 6080,
    "distinct_values_count": 2,
    "missing_values_count": 6080,
    "true_ratio": 0.8633223684210526,
    "min_value": null,
    "max_value": null,
    "mean": null,
    "median": null,
    "iqr": null,
    "embedding": null,
    "embedding_scaling_factor": null
}