{
  "id": "vhlaca/olympic-games-results-vs-gdp-vs-population",
  "id_no": 4016872,
  "title": "Olympic games results vs GDP vs Population",
  "code_file": "olympic-games-results-vs-gdp-vs-population.ipynb",
  "language": "python",
  "kernel_type": "notebook",
  "is_private": false,
  "enable_gpu": false,
  "enable_internet": false,
  "keywords": [
    "sports"
  ],
  "dataset_sources": [
    "heesoo37/120-years-of-olympic-history-athletes-and-results",
    "ibrahimmukherjee/gdp-world-bank-data",
    "gemartin/world-bank-data-1960-to-2016"
  ],
  "kernel_sources": [],
  "competition_sources": []
}