{
  "id": "datarohitingole/churn-randomforestclassifier-tuning",
  "id_no": 21741796,
  "title": "Churn - RandomForestClassifier + Tuning",
  "code_file": "churn-randomforestclassifier-tuning.ipynb",
  "language": "python",
  "kernel_type": "notebook",
  "is_private": false,
  "enable_gpu": false,
  "enable_internet": false,
  "keywords": [
    "numpy",
    "pandas",
    "matplotlib",
    "seaborn",
    "classification"
  ],
  "dataset_sources": [
    "mathchi/churn-for-bank-customers"
  ],
  "kernel_sources": [],
  "competition_sources": []
}