{
  "id": "osmangoktepe/bank-marketing-campaign-all-aspects",
  "id_no": 17309858,
  "title": "Bank Marketing Campaign - All Aspects",
  "code_file": "bank-marketing-campaign-all-aspects.ipynb",
  "language": "python",
  "kernel_type": "notebook",
  "is_private": false,
  "enable_gpu": false,
  "enable_internet": true,
  "keywords": [
    "business",
    "exploratory data analysis",
    "clustering",
    "data visualization",
    "beginner",
    "banking"
  ],
  "dataset_sources": [
    "janiobachmann/bank-marketing-dataset"
  ],
  "kernel_sources": [],
  "competition_sources": []
}