{
  "id": "rajivramchandani/churn-prediction-using-classification-models",
  "id_no": 15101884,
  "title": "Churn Prediction using Classification Models",
  "code_file": "churn-prediction-using-classification-models.ipynb",
  "language": "python",
  "kernel_type": "notebook",
  "is_private": false,
  "enable_gpu": false,
  "enable_internet": false,
  "keywords": [
    "matplotlib",
    "numpy",
    "pandas",
    "seaborn",
    "classification"
  ],
  "dataset_sources": [
    "mathchi/churn-for-bank-customers"
  ],
  "kernel_sources": [],
  "competition_sources": []
}