{
  "id": "karthikstock/customer-exited-or-not-prediction",
  "id_no": 20364195,
  "title": "customer exited or not prediction",
  "code_file": "customer-exited-or-not-prediction.ipynb",
  "language": "python",
  "kernel_type": "notebook",
  "is_private": false,
  "enable_gpu": false,
  "enable_internet": true,
  "keywords": [
    "matplotlib",
    "pandas",
    "seaborn",
    "tensorflow"
  ],
  "dataset_sources": [
    "barelydedicated/bank-customer-churn-modeling"
  ],
  "kernel_sources": [],
  "competition_sources": []
}