event_timestamp,SeriesCode,Year,DESCRIPTION
2022-08-17 02:05:54.568235,SP.DYN.LE60.MA.IN,YR2007,"The data refer to five-year periods running from 1 July, 2005 to 30 June, 2010."
2022-08-17 02:51:35.568235,SP.DYN.LE60.MA.IN,YR1962,"The data refer to five-year periods running from 1 July, 1960 to 30 June, 1965."
2022-08-17 05:43:23.568235,IC.FRM.FEMO.ZS,YR2007,The sample was drawn from the manufacturing sector only.
2022-08-17 06:43:17.568235,SP.ADO.TFRT,YR1973,Interpolated using data for 1972 and 1977.
2022-08-17 08:32:31.568235,SP.DYN.LE60.FE.IN,YR1962,"The data refer to five-year periods running from 1 July, 1960 to 30 June, 1965."
2022-08-17 10:32:13.568235,SP.DYN.LE60.FE.IN,YR1982,"The data refer to five-year periods running from 1 July, 1980 to 30 June, 1985."
2022-08-17 13:26:12.568235,SP.POP.BRTH.MF,YR1972,The data refer to 1970-1975.
2022-08-17 13:27:09.568235,SP.ADO.TFRT,YR2013,Interpolated using data for 2012 and 2017.
2022-08-17 14:01:02.568235,IC.FRM.FEMO.ZS,YR2006,The sample was drawn from the manufacturing sector only.
2022-08-17 18:14:07.568235,SP.ADO.TFRT,YR1993,Interpolated using data for 1992 and 1997.
2022-08-17 19:46:36.568235,SP.DYN.LE60.FE.IN,YR1967,"The data refer to five-year periods running from 1 July, 1965 to 30 June, 1970."
2022-08-18 07:51:48.568235,SP.ADO.TFRT,YR1967,The data refer to 1965-1970.
2022-08-18 11:49:22.568235,SP.POP.BRTH.MF,YR2013,Interpolated using data for 2012 and 2017.
2022-08-18 14:42:18.568235,SP.ADO.TFRT,YR1985,Interpolated using data for 1982 and 1987.
2022-08-18 17:08:22.568235,SP.DYN.LE60.FE.IN,YR2007,"The data refer to five-year periods running from 1 July, 2005 to 30 June, 2010."
2022-08-18 18:44:40.568235,SP.DYN.LE60.MA.IN,YR1997,"The data refer to five-year periods running from 1 July, 1995 to 30 June, 2000."
2022-08-18 22:55:43.568235,SP.POP.BRTH.MF,YR1987,The data refer to 1985-1990.
2022-08-19 02:19:11.568235,SP.POP.BRTH.MF,YR1990,Interpolated using data for 1987 and 1992.
2022-08-19 05:21:26.568235,SP.ADO.TFRT,YR2008,Interpolated using data for 2007 and 2012.
2022-08-19 11:15:58.568235,SP.DYN.LE60.FE.IN,YR1992,"The data refer to five-year periods running from 1 July, 1990 to 30 June, 1995."
2022-08-19 11:34:00.568235,SP.POP.BRTH.MF,YR1997,The data refer to 1995-2000.
2022-08-19 11:45:43.568235,SP.ADO.TFRT,YR1998,Interpolated using data for 1997 and 2002.
2022-08-19 12:00:36.568235,SP.POP.BRTH.MF,YR1967,The data refer to 1965-1970.
2022-08-19 12:01:44.568235,SP.ADO.TFRT,YR1964,Interpolated using data for 1962 and 1967.
2022-08-19 12:28:30.568235,SP.DYN.LE60.MA.IN,YR1987,"The data refer to five-year periods running from 1 July, 1985 to 30 June, 1990."
2022-08-19 20:59:32.568235,SP.ADO.TFRT,YR2012,The data refer to 2010-2015.
2022-08-20 01:07:13.568235,SP.ADO.TFRT,YR1971,Interpolated using data for 1967 and 1972.
2022-08-20 09:56:10.568235,SP.POP.BRTH.MF,YR1977,The data refer to 1975-1980.
2022-08-20 10:43:31.568235,SP.ADO.TFRT,YR1992,The data refer to 1990-1995.
2022-08-20 13:38:39.568235,SP.ADO.TFRT,YR1974,Interpolated using data for 1972 and 1977.
2022-08-20 15:00:54.568235,SP.POP.BRTH.MF,YR2009,Interpolated using data for 2007 and 2012.
2022-08-20 16:11:21.568235,SP.ADO.TFRT,YR1977,The data refer to 1975-1980.
2022-08-20 17:58:23.568235,SP.ADO.TFRT,YR2001,Interpolated using data for 1997 and 2002.
2022-08-20 18:35:58.568235,SP.DYN.LE60.MA.IN,YR1977,"The data refer to five-year periods running from 1 July, 1975 to 30 June, 1980."
2022-08-20 19:22:38.568235,SP.ADO.TFRT,YR1996,Interpolated using data for 1992 and 1997.
2022-08-20 19:33:40.568235,SP.ADO.TFRT,YR2002,The data refer to 2000-2005.
2022-08-20 20:34:54.568235,SP.ADO.TFRT,YR1981,Interpolated using data for 1977 and 1982.
2022-08-20 20:35:53.568235,SP.ADO.TFRT,YR1962,The data refer to 1960-1965.
2022-08-20 20:56:26.568235,SP.ADO.TFRT,YR1982,The data refer to 1980-1985.
2022-08-20 23:30:23.568235,SP.ADO.TFRT,YR1972,The data refer to 1970-1975.
2022-08-20 23:40:03.568235,SP.ADO.TFRT,YR1986,Interpolated using data for 1982 and 1987.
2022-08-21 03:44:37.568235,SP.POP.BRTH.MF,YR2012,The data refer to 2010-2015.
2022-08-21 05:41:44.568235,SP.POP.BRTH.MF,YR1962,The data refer to 1960-1965.
2022-08-21 07:55:17.568235,SP.ADO.TFRT,YR2003,Interpolated using data for 2002 and 2007.
2022-08-21 08:50:06.568235,IC.FRM.FEMO.ZS,YR2002,The sample was drawn from the manufacturing sector only.
2022-08-21 11:00:06.568235,SP.ADO.TFRT,YR2009,Interpolated using data for 2007 and 2012.
2022-08-21 11:44:54.568235,SP.ADO.TFRT,YR1963,Interpolated using data for 1962 and 1967.
2022-08-21 12:03:01.568235,SP.DYN.LE60.MA.IN,YR2002,"The data refer to five-year periods running from 1 July, 2000 to 30 June, 2005."
2022-08-21 12:21:18.568235,SP.ADO.TFRT,YR1980,Interpolated using data for 1977 and 1982.
2022-08-21 13:05:11.568235,SP.POP.BRTH.MF,YR1992,The data refer to 1990-1995.
2022-08-21 14:25:37.568235,SP.ADO.TFRT,YR1965,Interpolated using data for 1962 and 1967.
2022-08-21 16:23:16.568235,SP.POP.BRTH.MF,YR2008,Interpolated using data for 2007 and 2012.
2022-08-21 16:30:09.568235,IC.FRM.FEMO.ZS,YR2005,The sample was drawn from the manufacturing sector only.
2022-08-21 17:37:57.568235,SP.ADO.TFRT,YR2004,Interpolated using data for 2002 and 2007.
2022-08-21 19:34:29.568235,SP.POP.BRTH.MF,YR2002,The data refer to 2000-2005.
2022-08-21 21:29:07.568235,SP.DYN.LE60.FE.IN,YR2012,"The data refer to five-year periods running from 1 July, 2010 to 30 June, 2015."
2022-08-21 21:32:31.568235,IC.FRM.FEMO.ZS,YR2003,The sample was drawn from the manufacturing sector only.
2022-08-21 23:16:14.568235,SP.ADO.TFRT,YR1983,Interpolated using data for 1982 and 1987.
2022-08-22 00:43:06.568235,SP.ADO.TFRT,YR2014,Interpolated using data for 2012 and 2017.
2022-08-22 02:02:55.568235,SP.ADO.TFRT,YR1995,Interpolated using data for 1992 and 1997.
2022-08-22 03:40:16.568235,SP.ADO.TFRT,YR1988,Interpolated using data for 1987 and 1992.
2022-08-22 03:50:55.568235,SP.DYN.LE60.MA.IN,YR2012,"The data refer to five-year periods running from 1 July, 2010 to 30 June, 2015."
2022-08-22 07:08:55.568235,SP.DYN.LE60.MA.IN,YR1972,"The data refer to five-year periods running from 1 July, 1970 to 30 June, 1975."
2022-08-22 07:49:22.568235,SP.ADO.TFRT,YR1975,Interpolated using data for 1972 and 1977.
2022-08-22 07:59:32.568235,SP.DYN.LE60.MA.IN,YR1967,"The data refer to five-year periods running from 1 July, 1965 to 30 June, 1970."
2022-08-22 09:42:52.568235,SP.ADO.TFRT,YR1968,Interpolated using data for 1967 and 1972.
2022-08-22 12:21:38.568235,SP.ADO.TFRT,YR1989,Interpolated using data for 1987 and 1992.
2022-08-22 15:43:50.568235,SP.ADO.TFRT,YR1978,Interpolated using data for 1977 and 1982.
2022-08-22 21:44:16.568235,SP.ADO.TFRT,YR2007,The data refer to 2005-2010.
2022-08-22 21:50:26.568235,SP.ADO.TFRT,YR1994,Interpolated using data for 1992 and 1997.
2022-08-22 23:34:19.568235,SP.ADO.TFRT,YR1961,Interpolated using data for 1957 and 1962.
2022-08-23 08:34:11.568235,SP.DYN.LE60.FE.IN,YR1987,"The data refer to five-year periods running from 1 July, 1985 to 30 June, 1990."
2022-08-23 08:40:45.568235,SP.POP.BRTH.MF,YR2010,Interpolated using data for 2007 and 2012.
2022-08-23 10:08:49.568235,SP.ADO.TFRT,YR1969,Interpolated using data for 1967 and 1972.
2022-08-23 10:40:55.568235,SP.ADO.TFRT,YR1999,Interpolated using data for 1997 and 2002.
2022-08-23 11:23:27.568235,SP.DYN.LE60.FE.IN,YR1977,"The data refer to five-year periods running from 1 July, 1975 to 30 June, 1980."
2022-08-23 12:31:48.568235,SP.DYN.LE60.FE.IN,YR2002,"The data refer to five-year periods running from 1 July, 2000 to 30 June, 2005."
2022-08-23 15:16:44.568235,SP.ADO.TFRT,YR2000,Interpolated using data for 1997 and 2002.
2022-08-23 17:56:32.568235,SP.ADO.TFRT,YR2011,Interpolated using data for 2007 and 2012.
2022-08-23 18:11:32.568235,SP.DYN.LE60.FE.IN,YR1972,"The data refer to five-year periods running from 1 July, 1970 to 30 June, 1975."
2022-08-23 21:01:00.568235,IC.FRM.FEMO.ZS,YR2004,The sample was drawn from the manufacturing sector only.
2022-08-24 01:01:53.568235,SP.POP.BRTH.MF,YR2007,The data refer to 2005-2010.
2022-08-24 02:13:22.568235,SP.POP.BRTH.MF,YR1982,The data refer to 1980-1985.
2022-08-24 04:55:08.568235,SP.DYN.LE60.FE.IN,YR1997,"The data refer to five-year periods running from 1 July, 1995 to 30 June, 2000."
2022-08-24 05:32:40.568235,SP.DYN.LE60.MA.IN,YR1992,"The data refer to five-year periods running from 1 July, 1990 to 30 June, 1995."
2022-08-24 08:24:56.568235,SP.DYN.LE60.MA.IN,YR1982,"The data refer to five-year periods running from 1 July, 1980 to 30 June, 1985."
2022-08-24 11:46:30.568235,SP.ADO.TFRT,YR1966,Interpolated using data for 1962 and 1967.
2022-08-24 14:19:32.568235,SP.ADO.TFRT,YR1979,Interpolated using data for 1977 and 1982.
2022-08-24 17:01:34.568235,SP.ADO.TFRT,YR1976,Interpolated using data for 1972 and 1977.
2022-08-24 19:43:07.568235,SP.ADO.TFRT,YR1990,Interpolated using data for 1987 and 1992.
2022-08-24 21:01:02.568235,SP.ADO.TFRT,YR2006,Interpolated using data for 2002 and 2007.
2022-08-24 22:28:20.568235,SP.ADO.TFRT,YR1970,Interpolated using data for 1967 and 1972.
2022-08-25 00:09:04.568235,SP.ADO.TFRT,YR1997,The data refer to 1995-2000.
2022-08-25 01:47:47.568235,SP.ADO.TFRT,YR2010,Interpolated using data for 2007 and 2012.
2022-08-25 02:38:17.568235,SP.ADO.TFRT,YR2005,Interpolated using data for 2002 and 2007.
2022-08-25 08:55:29.568235,SP.ADO.TFRT,YR1984,Interpolated using data for 1982 and 1987.
2022-08-25 13:45:37.568235,SP.ADO.TFRT,YR1991,Interpolated using data for 1987 and 1992.
2022-08-25 15:04:56.568235,SP.ADO.TFRT,YR1987,The data refer to 1985-1990.
2022-08-25 17:28:21.568235,SP.POP.BRTH.MF,YR2011,Interpolated using data for 2007 and 2012.
2022-08-25 18:11:35.568235,SP.ADO.TFRT,YR1960,Interpolated using data for 1957 and 1962.
