{
  "id": "geniavs/whr-happiness-politics-and-population",
  "id_no": 19017967,
  "title": "WHR: Happiness, Politics and Population",
  "code_file": "whr-happiness-politics-and-population.ipynb",
  "language": "python",
  "kernel_type": "notebook",
  "is_private": false,
  "enable_gpu": false,
  "enable_internet": false,
  "keywords": [
    "finance",
    "demographics",
    "government",
    "matplotlib"
  ],
  "dataset_sources": [
    "mathurinache/democracy-dictatorship-index",
    "tanuprabhu/population-by-country-2020",
    "gemartin/world-bank-data-1960-to-2016",
    "ajaypalsinghlo/world-happiness-report-2021"
  ],
  "kernel_sources": [],
  "competition_sources": []
}