{
  "id": "thiagopanini/the-best-model-for-a-bank-marketing-campaing",
  "id_no": 10191052,
  "title": "The Best Model for a Bank Marketing Campaing",
  "code_file": "the-best-model-for-a-bank-marketing-campaing.ipynb",
  "language": "python",
  "kernel_type": "notebook",
  "is_private": false,
  "enable_gpu": false,
  "enable_internet": false,
  "keywords": [],
  "dataset_sources": [
    "janiobachmann/bank-marketing-dataset"
  ],
  "kernel_sources": [
    "",
    "",
    "thiagopanini/viz-utils",
    "thiagopanini/ml-utils"
  ],
  "competition_sources": []
}