{
  "id": "nikhilniks/customer-churn-analysis",
  "id_no": 20585351,
  "title": "Customer Churn Analysis",
  "code_file": "customer-churn-analysis.ipynb",
  "language": "python",
  "kernel_type": "notebook",
  "is_private": false,
  "enable_gpu": false,
  "enable_internet": true,
  "keywords": [
    "business",
    "exploratory data analysis",
    "python",
    "banking",
    "data analytics",
    "matplotlib",
    "numpy",
    "pandas",
    "seaborn"
  ],
  "dataset_sources": [
    "mathchi/churn-for-bank-customers"
  ],
  "kernel_sources": [],
  "competition_sources": []
}