{
  "id": "abhi084/analysis-of-unemployment-data",
  "id_no": 244617,
  "title": "Analysis of Unemployment Data",
  "code_file": "analysis-of-unemployment-data.ipynb",
  "language": "python",
  "kernel_type": "notebook",
  "is_private": false,
  "enable_gpu": false,
  "enable_internet": false,
  "keywords": [
    "data visualization",
    "exploratory data analysis",
    "beginner",
    "employment"
  ],
  "dataset_sources": [
    "sovannt/world-bank-youth-unemployment"
  ],
  "kernel_sources": [],
  "competition_sources": []
}