{
  "id": "sanwal092/fertility-rate-vs-population",
  "id_no": 1316663,
  "title": "Fertility rate vs Population ",
  "code_file": "fertility-rate-vs-population.ipynb",
  "language": "python",
  "kernel_type": "notebook",
  "is_private": false,
  "enable_gpu": false,
  "enable_internet": false,
  "keywords": [
    "data visualization",
    "data cleaning",
    "social science"
  ],
  "dataset_sources": [
    "gemartin/world-bank-data-1960-to-2016"
  ],
  "kernel_sources": [],
  "competition_sources": []
}