{
  "id": "taghredsalah199/data-visualization-with-pandas",
  "id_no": 10870005,
  "title": "Data visualization with Pandas",
  "code_file": "data-visualization-with-pandas.ipynb",
  "language": "python",
  "kernel_type": "notebook",
  "is_private": false,
  "enable_gpu": false,
  "enable_internet": true,
  "keywords": [
    "beginner",
    "data visualization",
    "pandas",
    "data cleaning"
  ],
  "dataset_sources": [
    "janiobachmann/bank-marketing-dataset",
    "benroshan/factors-affecting-campus-placement"
  ],
  "kernel_sources": [],
  "competition_sources": []
}