{
  "id": "oksanasem/data-prep",
  "id_no": 8690699,
  "title": "Data_prep",
  "code_file": "data-prep.ipynb",
  "language": "python",
  "kernel_type": "notebook",
  "is_private": false,
  "enable_gpu": false,
  "enable_internet": true,
  "keywords": [],
  "dataset_sources": [
    "",
    "transparencyint/corruption-index",
    "koryto/countryinfo",
    "nxpnsv/covid19aug",
    "theworldbank/health-nutrition-and-population-statistics",
    "osciiart/smokingstats",
    "unsdsn/world-happiness",
    "fernandol/world-values-survey",
    "optimo/worldpopulationbyage"
  ],
  "kernel_sources": [],
  "competition_sources": [
    "c/covid19-global-forecasting-week-2"
  ]
}