{
  "id": "jagannathrk/mental-health-happiness-economics-human-freedom",
  "id_no": 8359528,
  "title": "Mental Health, Happiness, Economics, Human Freedom",
  "code_file": "mental-health-happiness-economics-human-freedom.ipynb",
  "language": "python",
  "kernel_type": "notebook",
  "is_private": false,
  "enable_gpu": false,
  "enable_internet": true,
  "keywords": [],
  "dataset_sources": [
    "theworldbank/health-nutrition-and-population-statistics",
    "osmi/mental-health-in-tech-survey",
    "russellyates88/suicide-rates-overview-1985-to-2016",
    "gsutters/the-human-freedom-index",
    "szamil/who-suicide-statistics",
    "unsdsn/world-happiness"
  ],
  "kernel_sources": [],
  "competition_sources": []
}