{
  "id": "zithiat/olympic-data-journey",
  "id_no": 4103923,
  "title": "Olympic data journey",
  "code_file": "olympic-data-journey.ipynb",
  "language": "python",
  "kernel_type": "notebook",
  "is_private": false,
  "enable_gpu": true,
  "enable_internet": true,
  "keywords": [
    "sports"
  ],
  "dataset_sources": [
    "heesoo37/120-years-of-olympic-history-athletes-and-results",
    "ibrahimmukherjee/gdp-world-bank-data",
    "gemartin/world-bank-data-1960-to-2016",
    "nikitagrec/world-capitals-gps",
    "unsdsn/world-happiness"
  ],
  "kernel_sources": [],
  "competition_sources": []
}