{
  "id": "haniehghaffari/glm-for-marketing-bank",
  "id_no": 13929852,
  "title": "Glm for marketing bank",
  "code_file": "glm-for-marketing-bank.ipynb",
  "language": "python",
  "kernel_type": "notebook",
  "is_private": false,
  "enable_gpu": false,
  "enable_internet": true,
  "keywords": [
    "banking",
    "marketing",
    "pandas",
    "numpy",
    "sklearn",
    "matplotlib"
  ],
  "dataset_sources": [
    "janiobachmann/bank-marketing-dataset"
  ],
  "kernel_sources": [],
  "competition_sources": []
}