{
  "id": "rrhbuder/global-youth-unemployment-data-exploration",
  "id_no": 406825,
  "title": "Global Youth Unemployment Data Exploration",
  "code_file": "global-youth-unemployment-data-exploration.ipynb",
  "language": "python",
  "kernel_type": "notebook",
  "is_private": false,
  "enable_gpu": false,
  "enable_internet": false,
  "keywords": [
    "data visualization",
    "politics",
    "economics",
    "social science"
  ],
  "dataset_sources": [
    "sovannt/world-bank-youth-unemployment"
  ],
  "kernel_sources": [],
  "competition_sources": []
}