{
  "id": "akhileshgarud/exploratory-data-analysis-of-bank-customer-churn",
  "id_no": 3701823,
  "title": "Exploratory Data Analysis of Bank Customer Churn",
  "code_file": "exploratory-data-analysis-of-bank-customer-churn.ipynb",
  "language": "python",
  "kernel_type": "notebook",
  "is_private": false,
  "enable_gpu": true,
  "enable_internet": false,
  "keywords": [
    "business"
  ],
  "dataset_sources": [
    "barelydedicated/bank-customer-churn-modeling"
  ],
  "kernel_sources": [],
  "competition_sources": []
}