{
  "id": "sangwookchn/model-selection-and-boosting-scikit-learn",
  "id_no": 2517468,
  "title": "Model Selection and Boosting - Scikit-learn",
  "code_file": "model-selection-and-boosting-scikit-learn.ipynb",
  "language": "python",
  "kernel_type": "notebook",
  "is_private": false,
  "enable_gpu": false,
  "enable_internet": false,
  "keywords": [
    "beginner",
    "xgboost",
    "model comparison",
    "religion and belief systems"
  ],
  "dataset_sources": [
    "barelydedicated/bank-customer-churn-modeling",
    "rakeshrau/social-network-ads"
  ],
  "kernel_sources": [],
  "competition_sources": []
}