{
  "id": "deepshekhar/happiness-and-health",
  "id_no": 3439175,
  "title": "Happiness and Health",
  "code_file": "happiness-and-health.ipynb",
  "language": "python",
  "kernel_type": "notebook",
  "is_private": false,
  "enable_gpu": true,
  "enable_internet": false,
  "keywords": [
    "health",
    "mental health"
  ],
  "dataset_sources": [
    "theworldbank/health-nutrition-and-population-statistics",
    "osmi/mental-health-in-tech-survey",
    "russellyates88/suicide-rates-overview-1985-to-2016",
    "gsutters/the-human-freedom-index",
    "szamil/who-suicide-statistics",
    "unsdsn/world-happiness"
  ],
  "kernel_sources": [],
  "competition_sources": []
}