{
  "id": "aleksandradeis/bank-marketing-analysis",
  "id_no": 2878499,
  "title": "Bank Marketing Analysis ",
  "code_file": "bank-marketing-analysis.ipynb",
  "language": "python",
  "kernel_type": "notebook",
  "is_private": false,
  "enable_gpu": false,
  "enable_internet": false,
  "keywords": [
    "data cleaning",
    "data visualization",
    "classification",
    "xgboost"
  ],
  "dataset_sources": [
    "janiobachmann/bank-marketing-dataset"
  ],
  "kernel_sources": [],
  "competition_sources": []
}