{
  "id": "medyasun/who-are-the-term-deposit-customers-85-accuracy",
  "id_no": 9395746,
  "title": "\ud83d\udcb0Who Are The Term Deposit Customers  %85 Accuracy",
  "code_file": "who-are-the-term-deposit-customers-85-accuracy.ipynb",
  "language": "python",
  "kernel_type": "notebook",
  "is_private": false,
  "enable_gpu": false,
  "enable_internet": false,
  "keywords": [
    "classification",
    "beginner",
    "finance"
  ],
  "dataset_sources": [
    "janiobachmann/bank-marketing-dataset"
  ],
  "kernel_sources": [],
  "competition_sources": []
}