{
  "id": "rupshabagchi/generation-unemployed-interactive-plotly-visuals",
  "id_no": 381056,
  "title": "Generation Unemployed? Interactive Plotly Visuals",
  "code_file": "generation-unemployed-interactive-plotly-visuals.ipynb",
  "language": "python",
  "kernel_type": "notebook",
  "is_private": false,
  "enable_gpu": false,
  "enable_internet": false,
  "keywords": [
    "social science"
  ],
  "dataset_sources": [
    "sovannt/world-bank-youth-unemployment"
  ],
  "kernel_sources": [],
  "competition_sources": []
}