{
  "id": "oksanasem/data-prep-week3",
  "id_no": 8752509,
  "title": "Data_prep_week3",
  "code_file": "data-prep-week3.ipynb",
  "language": "python",
  "kernel_type": "notebook",
  "is_private": false,
  "enable_gpu": false,
  "enable_internet": true,
  "keywords": [],
  "dataset_sources": [
    "doyouevendata/cato-2017-human-freedom-index",
    "transparencyint/corruption-index",
    "koryto/countryinfo",
    "jcyzag/covid19-lockdown-dates-by-country",
    "oksanasem/global-household-data",
    "theworldbank/health-nutrition-and-population-statistics",
    "andradaolteanu/iso-country-codes-global",
    "dimanjung/religions-vs-gdp-per-capita",
    "imdevskp/sars-outbreak-2003-complete-dataset",
    "osciiart/smokingstats",
    "optimo/worldpopulationbyage"
  ],
  "kernel_sources": [],
  "competition_sources": [
    "c/covid19-global-forecasting-week-3"
  ]
}