{
  "id": "janiobachmann/bank-marketing-campaign-opening-a-term-deposit",
  "id_no": 433664,
  "title": "Bank Marketing Campaign || Opening a Term Deposit",
  "code_file": "bank-marketing-campaign-opening-a-term-deposit.ipynb",
  "language": "python",
  "kernel_type": "notebook",
  "is_private": false,
  "enable_gpu": false,
  "enable_internet": false,
  "keywords": [
    "data visualization",
    "finance",
    "beginner",
    "classification"
  ],
  "dataset_sources": [
    "janiobachmann/bank-marketing-dataset"
  ],
  "kernel_sources": [],
  "competition_sources": []
}