{
  "id": "ludovicocuoghi/how-to-make-a-successful-marketing-campaign",
  "id_no": 20439993,
  "title": "\ud83e\udd16How to make a successful Marketing Campaign?\ud83d\udcb0",
  "code_file": "how-to-make-a-successful-marketing-campaign.ipynb",
  "language": "python",
  "kernel_type": "notebook",
  "is_private": false,
  "enable_gpu": false,
  "enable_internet": false,
  "keywords": [
    "matplotlib",
    "numpy",
    "pandas",
    "seaborn",
    "sklearn",
    "xgboost",
    "banking",
    "marketing"
  ],
  "dataset_sources": [
    "janiobachmann/bank-marketing-dataset"
  ],
  "kernel_sources": [],
  "competition_sources": []
}