{
  "id": "osiasdfarias/bank-marketing-datase-acc-0-8348",
  "id_no": 17302628,
  "title": "Bank_Marketing_Datase_Acc_0.8348",
  "code_file": "bank-marketing-datase-acc-0-8348.ipynb",
  "language": "python",
  "kernel_type": "notebook",
  "is_private": false,
  "enable_gpu": true,
  "enable_internet": true,
  "keywords": [
    "pandas",
    "keras",
    "sklearn",
    "seaborn",
    "matplotlib",
    "data visualization",
    "numpy",
    "decision tree",
    "deep learning",
    "random forest",
    "gpu"
  ],
  "dataset_sources": [
    "janiobachmann/bank-marketing-dataset",
    "fedesoriano/company-bankruptcy-prediction"
  ],
  "kernel_sources": [],
  "competition_sources": []
}