{
  "id": "goomba16/mapping-poverty-around-the-world",
  "id_no": 742669,
  "title": "Mapping poverty around the world",
  "code_file": "mapping-poverty-around-the-world.ipynb",
  "language": "python",
  "kernel_type": "notebook",
  "is_private": false,
  "enable_gpu": false,
  "enable_internet": false,
  "keywords": [
    "data visualization",
    "geography"
  ],
  "dataset_sources": [
    "skalskip/countries-shape-files",
    "kiva/data-science-for-good-kiva-crowdfunding",
    "kretes/gpi2008-2016",
    "theworldbank/health-nutrition-and-population-statistics",
    "ophi/mpi",
    "folaraz/world-countries-and-continents-details",
    "unsdsn/world-happiness"
  ],
  "kernel_sources": [],
  "competition_sources": []
}