,loan_id,account_id,amount,duration,payments,status,year,month,day,fulldate,location,purpose,date,event_timestamp
0,5657,A00003354,4980,12,415,A,2014,7,5,2014-07-05,59,car,2014-07-05,2022-04-30 23:44:54.299667
1,6234,A00006061,5148,12,429,C,2018,5,28,2018-05-28,1,car,2018-05-28,2022-05-08 20:32:47.299667
2,6699,A00008330,7656,24,319,A,2014,3,30,2014-03-30,1,car,2014-03-30,2022-05-07 02:02:00.299667
3,6688,A00008268,8616,24,359,C,2017,9,26,2017-09-26,1,car,2017-09-26,2022-05-03 08:12:45.299667
4,6312,A00006453,10944,36,304,C,2018,5,17,2018-05-17,1,car,2018-05-17,2022-04-30 12:42:14.299667
5,6019,A00005033,11400,12,950,A,2016,7,25,2016-07-25,1,car,2016-07-25,2022-05-09 07:51:17.299667
6,6229,A00006040,11736,24,489,A,2014,10,2,2014-10-02,1,car,2014-10-02,2022-04-30 11:09:31.299667
7,5103,A00000666,12540,12,1045,A,2017,11,28,2017-11-28,64,debt_consolidation,2017-11-28,2022-05-01 00:30:07.299667
8,6539,A00007559,12792,12,1066,C,2018,7,11,2018-07-11,1,car,2018-07-11,2022-05-01 18:02:12.299667
9,5718,A00003637,14028,12,1169,A,2017,9,1,2017-09-01,1,car,2017-09-01,2022-05-03 08:53:01.299667
10,6064,A00005215,14628,12,1219,A,2014,8,4,2014-08-04,1,car,2014-08-04,2022-05-03 00:12:19.299667
11,5897,A00004476,15192,24,633,A,2016,9,25,2016-09-25,1,car,2016-09-25,2022-05-06 09:26:22.299667
12,5599,A00003064,15420,12,1285,A,2015,3,21,2015-03-21,18,car,2015-03-21,2022-05-07 06:00:33.299667
13,6852,A00009140,16032,48,334,C,2018,11,10,2018-11-10,1,car,2018-11-10,2022-05-07 19:16:53.299667
14,6377,A00006792,17184,12,1432,A,2017,3,17,2017-03-17,1,debt_consolidation,2017-03-17,2022-05-01 15:21:49.299667
15,6297,A00006363,17508,12,1459,A,2014,10,25,2014-10-25,1,car,2014-10-25,2022-05-03 20:18:11.299667
16,5463,A00002413,17952,12,1496,C,2018,10,6,2018-10-06,59,car,2018-10-06,2022-05-07 01:36:32.299667
17,6942,A00009513,18324,12,1527,A,2017,7,16,2017-07-16,1,car,2017-07-16,2022-05-09 03:56:31.299667
18,5740,A00003752,18564,12,1547,A,2015,4,2,2015-04-02,1,debt_consolidation,2015-04-02,2022-05-02 11:54:50.299667
19,7230,A00010954,18720,60,312,C,2017,4,2,2017-04-02,1,car,2017-04-02,2022-05-08 20:33:29.299667
20,7034,A00010001,19044,36,529,C,2016,7,11,2016-07-11,1,car,2016-07-11,2022-04-30 04:19:21.299667
21,5651,A00003329,19248,12,1604,A,2017,12,8,2017-12-08,59,car,2017-12-08,2022-05-09 15:25:26.299667
22,5429,A00002268,20196,36,561,C,2016,7,18,2016-07-18,59,car,2016-07-18,2022-05-07 23:49:01.299667
23,5922,A00004580,20220,12,1685,A,2015,8,5,2015-08-05,1,car,2015-08-05,2022-05-03 02:04:52.299667
24,6043,A00005126,20352,48,424,C,2016,1,11,2016-01-11,1,debt_consolidation,2016-01-11,2022-05-10 19:35:19.299667
25,6591,A00007819,20832,48,434,C,2015,2,2,2015-02-02,1,car,2015-02-02,2022-05-03 15:31:32.299667
26,6721,A00008475,21072,24,878,A,2014,1,21,2014-01-21,1,car,2014-01-21,2022-05-09 20:26:16.299667
27,5980,A00004825,21396,12,1783,A,2015,8,18,2015-08-18,1,car,2015-08-18,2022-05-05 18:15:34.299667
28,6600,A00007861,21852,36,607,A,2015,10,8,2015-10-08,1,car,2015-10-08,2022-05-03 11:49:36.299667
29,7121,A00010364,21924,36,609,A,2013,11,10,2013-11-10,1,debt_consolidation,2013-11-10,2022-05-03 11:58:28.299667
30,7072,A00010148,22104,12,1842,C,2018,1,27,2018-01-27,1,debt_consolidation,2018-01-27,2022-05-05 21:26:47.299667
31,5147,A00000938,22260,60,371,C,2018,5,21,2018-05-21,64,debt_consolidation,2018-05-21,2022-05-10 09:46:16.299667
32,6052,A00005164,22356,36,621,C,2018,3,23,2018-03-23,1,car,2018-03-23,2022-05-10 08:53:42.299667
33,5382,A00002134,22932,36,637,C,2017,3,17,2017-03-17,59,car,2017-03-17,2022-04-30 12:10:12.299667
34,6354,A00006688,22968,36,638,C,2016,10,23,2016-10-23,1,car,2016-10-23,2022-05-07 17:21:50.299667
35,5754,A00003834,23052,12,1921,A,2014,9,28,2014-09-28,1,home_improvement,2014-09-28,2022-05-04 03:51:59.299667
36,6878,A00009242,23184,12,1932,A,2017,1,24,2017-01-24,1,debt_consolidation,2017-01-24,2022-05-05 23:47:14.299667
37,5384,A00002142,23328,12,1944,C,2018,3,7,2018-03-07,59,car,2018-03-07,2022-05-10 19:53:55.299667
38,7139,A00010445,23412,12,1951,C,2018,1,22,2018-01-22,1,debt_consolidation,2018-01-22,2022-05-08 08:55:09.299667
39,5229,A00001329,23520,12,1960,A,2017,9,6,2017-09-06,64,home_improvement,2017-09-06,2022-05-05 17:49:56.299667
40,5723,A00003674,23628,12,1969,A,2014,9,10,2014-09-10,1,debt_consolidation,2014-09-10,2022-05-03 11:53:51.299667
41,7187,A00010711,24180,60,403,C,2017,12,24,2017-12-24,1,car,2017-12-24,2022-05-09 04:29:25.299667
42,5130,A00000813,24312,12,2026,A,2014,5,11,2014-05-11,64,debt_consolidation,2014-05-11,2022-05-04 08:23:26.299667
43,5479,A00002486,24516,12,2043,A,2014,1,10,2014-01-10,59,home_improvement,2014-01-10,2022-05-03 05:47:42.299667
44,5584,A00002986,24792,24,1033,C,2017,12,6,2017-12-06,18,debt_consolidation,2017-12-06,2022-05-05 23:19:50.299667
45,6407,A00006930,25944,24,1081,A,2014,5,26,2014-05-26,1,home_improvement,2014-05-26,2022-05-06 06:44:37.299667
46,6242,A00006097,26208,36,728,C,2017,10,22,2017-10-22,1,debt_consolidation,2017-10-22,2022-05-03 12:48:12.299667
47,5005,A00000176,27456,12,2288,A,2017,4,10,2017-04-10,1,debt_consolidation,2017-04-10,2022-05-05 13:32:20.299667
48,6578,A00007765,27984,12,2332,A,2015,12,11,2015-12-11,1,debt_consolidation,2015-12-11,2022-05-02 02:58:57.299667
49,6227,A00006030,28248,24,1177,A,2015,3,4,2015-03-04,1,debt_consolidation,2015-03-04,2022-05-04 03:19:05.299667
50,6865,A00009199,29448,12,2454,B,2016,9,11,2016-09-11,1,debt_consolidation,2016-09-11,2022-05-08 04:46:46.299667
51,6676,A00008159,29784,24,1241,A,2015,6,13,2015-06-13,1,debt_consolidation,2015-06-13,2022-05-03 20:14:03.299667
52,5620,A00003161,30012,12,2501,C,2018,6,16,2018-06-16,18,home_improvement,2018-06-16,2022-05-09 07:38:06.299667
53,5311,A00001766,30060,60,501,C,2016,6,15,2016-06-15,64,debt_consolidation,2016-06-15,2022-05-02 07:07:58.299667
54,6501,A00007418,30276,12,2523,B,2016,4,29,2016-04-29,1,home_improvement,2016-04-29,2022-04-30 06:23:59.299667
55,4961,A00000019,30276,12,2523,B,2016,4,29,2016-04-29,1,debt_consolidation,2016-04-29,2022-05-01 14:48:19.299667
56,6502,A00007424,30276,12,2523,A,2017,12,8,2017-12-08,1,debt_consolidation,2017-12-08,2022-04-30 18:02:05.299667
57,4962,A00000025,30276,12,2523,A,2017,12,8,2017-12-08,1,debt_consolidation,2017-12-08,2022-05-04 04:13:54.299667
58,7200,A00010799,31140,60,519,C,2018,7,11,2018-07-11,1,debt_consolidation,2018-07-11,2022-05-04 10:12:27.299667
59,6185,A00005774,31176,24,1299,A,2015,11,28,2015-11-28,1,debt_consolidation,2015-11-28,2022-05-05 19:14:59.299667
60,5576,A00002962,31248,12,2604,A,2014,12,21,2014-12-21,18,debt_consolidation,2014-12-21,2022-04-30 13:57:14.299667
61,7110,A00010345,31260,12,2605,C,2018,1,21,2018-01-21,1,home_improvement,2018-01-21,2022-05-08 19:30:39.299667
62,6970,A00009677,31620,60,527,C,2017,6,17,2017-06-17,1,debt_consolidation,2017-06-17,2022-05-03 08:43:05.299667
63,6546,A00007607,31728,24,1322,A,2015,3,27,2015-03-27,1,home_improvement,2015-03-27,2022-05-05 18:03:05.299667
64,6130,A00005541,32640,48,680,C,2016,7,18,2016-07-18,1,debt_consolidation,2016-07-18,2022-05-09 03:48:47.299667
65,6758,A00008742,33144,12,2762,A,2017,7,29,2017-07-29,1,debt_consolidation,2017-07-29,2022-05-04 17:11:41.299667
66,5932,A00004626,33348,12,2779,A,2017,6,18,2017-06-18,1,debt_consolidation,2017-06-18,2022-05-09 23:27:13.299667
67,6764,A00008776,33984,48,708,C,2015,8,26,2015-08-26,1,debt_consolidation,2015-08-26,2022-05-03 03:00:10.299667
68,6310,A00006440,34572,12,2881,A,2017,6,17,2017-06-17,1,debt_consolidation,2017-06-17,2022-05-05 22:16:13.299667
69,6643,A00008038,35856,24,1494,C,2018,1,18,2018-01-18,1,debt_consolidation,2018-01-18,2022-05-07 16:45:36.299667
70,5207,A00001244,35904,48,748,C,2017,2,28,2017-02-28,64,home_improvement,2017-02-28,2022-05-05 19:37:45.299667
71,7008,A00009897,36168,12,3014,A,2015,9,22,2015-09-22,1,debt_consolidation,2015-09-22,2022-05-01 22:13:12.299667
72,6682,A00008225,36204,12,3017,D,2018,3,30,2018-03-30,1,home_improvement,2018-03-30,2022-04-30 17:42:48.299667
73,6929,A00009472,36396,12,3033,A,2015,5,8,2015-05-08,1,debt_consolidation,2015-05-08,2022-05-01 23:15:41.299667
74,6306,A00006425,36684,12,3057,A,2014,12,20,2014-12-20,1,debt_consolidation,2014-12-20,2022-05-02 03:02:14.299667
75,7096,A00010257,37812,12,3151,C,2018,9,2,2018-09-02,1,home_improvement,2018-09-02,2022-05-03 13:41:19.299667
76,6362,A00006738,37908,12,3159,A,2015,10,31,2015-10-31,1,debt_consolidation,2015-10-31,2022-05-03 14:50:16.299667
77,5332,A00001869,37944,36,1054,C,2018,1,29,2018-01-29,64,home_improvement,2018-01-29,2022-05-02 13:30:41.299667
78,6820,A00009034,38148,12,3179,A,2013,12,16,2013-12-16,1,debt_consolidation,2013-12-16,2022-05-07 06:26:46.299667
79,6321,A00006505,38496,12,3208,C,2018,10,8,2018-10-08,1,home_improvement,2018-10-08,2022-05-05 12:32:47.299667
80,5358,A00002018,38520,12,3210,A,2017,1,21,2017-01-21,59,debt_consolidation,2017-01-21,2022-05-09 21:40:50.299667
81,5634,A00003229,39024,12,3252,A,2017,5,1,2017-05-01,59,home_improvement,2017-05-01,2022-05-05 07:21:32.299667
82,7294,A00011327,39168,24,1632,C,2018,9,27,2018-09-27,1,debt_consolidation,2018-09-27,2022-05-05 01:40:59.299667
83,6888,A00009265,39576,12,3298,A,2014,7,11,2014-07-11,1,home_improvement,2014-07-11,2022-05-07 15:30:57.299667
84,6887,A00009263,39576,12,3298,A,2017,5,8,2017-05-08,1,debt_consolidation,2017-05-08,2022-05-01 20:07:22.299667
85,5665,A00003390,40632,12,3386,C,2018,3,11,2018-03-11,1,home_improvement,2018-03-11,2022-05-04 06:28:40.299667
86,5582,A00002982,41256,12,3438,C,2018,4,17,2018-04-17,18,debt_consolidation,2018-04-17,2022-05-05 23:49:00.299667
87,5808,A00004099,41856,48,872,C,2017,7,31,2017-07-31,1,debt_consolidation,2017-07-31,2022-05-09 05:23:45.299667
88,6895,A00009307,41904,12,3492,A,2014,9,19,2014-09-19,1,debt_consolidation,2014-09-19,2022-05-02 21:53:58.299667
89,6535,A00007546,41952,12,3496,A,2015,11,2,2015-11-02,1,home_improvement,2015-11-02,2022-05-06 00:43:47.299667
90,5841,A00004268,41988,12,3499,C,2018,11,4,2018-11-04,1,debt_consolidation,2018-11-04,2022-05-04 00:44:12.299667
91,6553,A00007636,42384,12,3532,C,2018,1,26,2018-01-26,1,home_improvement,2018-01-26,2022-05-02 03:38:02.299667
92,5046,A00000349,42816,12,3568,C,2018,9,9,2018-09-09,70,debt_consolidation,2018-09-09,2022-05-06 13:52:59.299667
93,6727,A00008505,42840,12,3570,A,2017,12,10,2017-12-10,1,debt_consolidation,2017-12-10,2022-05-02 14:57:24.299667
94,6621,A00007957,42900,12,3575,A,2017,6,14,2017-06-14,1,debt_consolidation,2017-06-14,2022-04-30 14:53:45.299667
95,6315,A00006472,43164,12,3597,A,2015,2,6,2015-02-06,1,debt_consolidation,2015-02-06,2022-05-02 00:09:45.299667
96,5313,A00001776,43200,24,1800,C,2018,5,27,2018-05-27,64,debt_consolidation,2018-05-27,2022-05-03 02:19:04.299667
97,5693,A00003489,44088,24,1837,A,2015,8,1,2015-08-01,1,debt_consolidation,2015-08-01,2022-05-03 04:27:05.299667
98,7087,A00010215,44304,24,1846,C,2017,2,20,2017-02-20,1,home_improvement,2017-02-20,2022-05-03 06:19:39.299667
99,6144,A00005593,44376,12,3698,A,2016,8,9,2016-08-09,1,debt_consolidation,2016-08-09,2022-05-05 18:00:54.299667
100,6137,A00005574,44628,12,3719,A,2016,4,10,2016-04-10,1,home_improvement,2016-04-10,2022-05-09 02:35:13.299667
101,6923,A00009433,44640,24,1860,C,2018,10,5,2018-10-05,1,debt_consolidation,2018-10-05,2022-05-02 21:54:13.299667
102,5368,A00002073,44640,24,1860,C,2018,10,5,2018-10-05,59,debt_consolidation,2018-10-05,2022-05-10 07:36:59.299667
103,7264,A00011141,44940,12,3745,A,2017,10,7,2017-10-07,1,debt_consolidation,2017-10-07,2022-05-08 18:18:40.299667
104,5343,A00001906,44952,24,1873,C,2017,10,8,2017-10-08,64,debt_consolidation,2017-10-08,2022-05-06 19:21:21.299667
105,6805,A00008972,45024,48,938,C,2016,12,21,2016-12-21,1,debt_consolidation,2016-12-21,2022-05-10 02:47:42.299667
106,5237,A00001375,45336,24,1889,A,2015,8,29,2015-08-29,64,debt_consolidation,2015-08-29,2022-05-02 01:27:01.299667
107,6569,A00007721,45456,12,3788,C,2018,5,28,2018-05-28,1,home_improvement,2018-05-28,2022-05-03 01:33:52.299667
108,7172,A00010652,45720,12,3810,C,2018,5,7,2018-05-07,1,debt_consolidation,2018-05-07,2022-05-10 13:52:33.299667
109,7198,A00010788,45768,12,3814,A,2014,8,23,2014-08-23,1,home_improvement,2014-08-23,2022-05-07 15:55:45.299667
110,7199,A00010789,45768,12,3814,A,2017,12,9,2017-12-09,1,home,2017-12-09,2022-05-05 22:40:44.299667
111,6944,A00009548,46176,48,962,C,2016,11,15,2016-11-15,1,home,2016-11-15,2022-05-08 10:47:28.299667
112,5445,A00002322,46320,24,1930,A,2016,6,29,2016-06-29,59,home,2016-06-29,2022-05-05 01:13:53.299667
113,6456,A00007123,47016,12,3918,A,2013,12,9,2013-12-09,1,home,2013-12-09,2022-05-05 15:05:58.299667
114,6745,A00008625,47304,24,1971,A,2015,4,10,2015-04-10,1,home_improvement,2015-04-10,2022-04-30 06:54:49.299667
115,7242,A00011027,48096,24,2004,C,2017,10,23,2017-10-23,1,debt_consolidation,2017-10-23,2022-05-09 18:38:34.299667
116,5446,A00002334,48312,24,2013,C,2017,8,4,2017-08-04,59,home_improvement,2017-08-04,2022-05-05 13:49:18.299667
117,5131,A00000816,48624,24,2026,A,2015,1,8,2015-01-08,64,home,2015-01-08,2022-05-06 20:00:04.299667
118,6460,A00007133,48672,36,1352,A,2014,11,6,2014-11-06,1,debt_consolidation,2014-11-06,2022-05-09 03:44:06.299667
119,5586,A00002994,48744,36,1354,C,2016,9,14,2016-09-14,18,debt_consolidation,2016-09-14,2022-05-04 07:18:04.299667
120,6495,A00007274,49044,12,4087,C,2018,3,12,2018-03-12,1,home_improvement,2018-03-12,2022-05-10 10:48:36.299667
121,6650,A00008073,49320,12,4110,B,2014,2,17,2014-02-17,1,debt_consolidation,2014-02-17,2022-05-07 15:36:24.299667
122,6399,A00006902,49320,36,1370,C,2017,12,21,2017-12-21,1,home_improvement,2017-12-21,2022-05-10 09:24:39.299667
123,5452,A00002352,49440,60,824,C,2016,4,29,2016-04-29,59,home,2016-04-29,2022-05-03 22:10:43.299667
124,6464,A00007156,49488,24,2062,C,2018,4,16,2018-04-16,1,home,2018-04-16,2022-05-03 00:17:58.299667
125,6470,A00007181,49872,12,4156,C,2018,5,17,2018-05-17,1,home,2018-05-17,2022-04-30 05:59:28.299667
126,6819,A00009031,50112,24,2088,C,2017,5,3,2017-05-03,1,home,2017-05-03,2022-05-08 04:43:38.299667
127,5549,A00002824,50460,60,841,C,2014,7,16,2014-07-16,25,home_improvement,2014-07-16,2022-05-03 14:04:22.299667
128,5172,A00001083,50976,36,1416,C,2018,4,16,2018-04-16,64,debt_consolidation,2018-04-16,2022-05-03 07:52:19.299667
129,5856,A00004320,51360,12,4280,B,2017,8,9,2017-08-09,1,home_improvement,2017-08-09,2022-05-10 22:31:49.299667
130,5861,A00004337,51408,24,2142,A,2014,12,8,2014-12-08,1,home,2014-12-08,2022-05-05 22:03:30.299667
131,6577,A00007753,51696,24,2154,A,2014,3,11,2014-03-11,1,debt_consolidation,2014-03-11,2022-05-07 15:15:31.299667
132,6903,A00009337,52128,24,2172,A,2014,6,4,2014-06-04,1,debt_consolidation,2014-06-04,2022-05-06 00:28:07.299667
133,6855,A00009153,52236,36,1451,C,2018,3,1,2018-03-01,1,home_improvement,2018-03-01,2022-05-08 08:35:52.299667
134,5221,A00001284,52512,12,4376,C,2018,12,5,2018-12-05,64,debt_consolidation,2018-12-05,2022-05-06 15:59:40.299667
135,7284,A00011265,52788,12,4399,A,2013,9,15,2013-09-15,1,home_improvement,2013-09-15,2022-05-02 19:30:45.299667
136,5134,A00000825,53076,12,4423,A,2017,2,2,2017-02-02,64,home,2017-02-02,2022-05-02 16:37:55.299667
137,6037,A00005118,53232,48,1109,C,2017,5,4,2017-05-04,1,home,2017-05-04,2022-05-08 00:29:05.299667
138,5398,A00002187,53472,12,4456,A,2017,11,4,2017-11-04,59,home,2017-11-04,2022-05-01 15:41:38.299667
139,7305,A00011359,54024,12,4502,A,2016,8,6,2016-08-06,1,home,2016-08-06,2022-04-30 18:31:47.299667
140,7136,A00010436,54396,36,1511,C,2016,9,28,2016-09-28,1,home_improvement,2016-09-28,2022-05-06 18:07:50.299667
141,6509,A00007445,55368,24,2307,A,2014,3,15,2014-03-15,1,debt_consolidation,2014-03-15,2022-05-02 17:06:16.299667
142,5346,A00001928,55632,24,2318,C,2018,12,6,2018-12-06,64,home_improvement,2018-12-06,2022-05-04 21:41:13.299667
143,6659,A00008092,56100,60,935,C,2016,2,20,2016-02-20,1,home,2016-02-20,2022-05-06 12:51:04.299667
144,6044,A00005133,57060,12,4755,C,2018,1,27,2018-01-27,1,home,2018-01-27,2022-05-04 03:31:38.299667
145,7219,A00010905,57120,48,1190,C,2017,8,23,2017-08-23,1,home,2017-08-23,2022-05-07 05:36:24.299667
146,5338,A00001888,57360,12,4780,B,2017,8,30,2017-08-30,64,home,2017-08-30,2022-05-03 21:36:01.299667
147,6054,A00005180,58764,12,4897,C,2018,7,16,2018-07-16,1,home,2018-07-16,2022-05-09 19:09:59.299667
148,5977,A00004803,59136,48,1232,C,2017,2,25,2017-02-25,1,home,2017-02-25,2022-05-04 21:04:47.299667
149,6959,A00009633,59448,24,2477,D,2017,6,30,2017-06-30,1,home,2017-06-30,2022-05-09 03:03:49.299667
150,6956,A00009631,59448,24,2477,C,2017,11,9,2017-11-09,1,home,2017-11-09,2022-05-03 17:58:45.299667
151,6253,A00006148,59760,24,2490,A,2014,11,4,2014-11-04,1,home,2014-11-04,2022-05-06 19:25:33.299667
152,7138,A00010440,60000,60,1000,C,2015,7,3,2015-07-03,1,home,2015-07-03,2022-05-10 19:24:33.299667
153,6342,A00006609,60156,36,1671,B,2015,11,12,2015-11-12,1,home,2015-11-12,2022-05-09 16:49:21.299667
154,6223,A00005991,61056,48,1272,A,2014,11,3,2014-11-03,1,home,2014-11-03,2022-05-05 11:42:26.299667
155,5909,A00004550,61320,60,1022,C,2018,1,3,2018-01-03,1,home,2018-01-03,2022-05-07 03:48:50.299667
156,5388,A00002153,61560,12,5130,A,2016,11,28,2016-11-28,59,home,2016-11-28,2022-05-04 04:44:44.299667
157,6027,A00005066,61656,24,2569,B,2016,2,10,2016-02-10,1,home,2016-02-10,2022-05-02 13:55:24.299667
158,5750,A00003804,63252,12,5271,A,2016,2,8,2016-02-08,1,home,2016-02-08,2022-05-04 17:16:33.299667
159,6512,A00007454,63312,48,1319,A,2014,5,26,2014-05-26,1,home,2014-05-26,2022-05-01 22:29:48.299667
160,6474,A00007190,63360,60,1056,C,2015,6,6,2015-06-06,1,home_improvement,2015-06-06,2022-05-03 04:48:42.299667
161,5782,A00003953,63576,12,5298,C,2018,1,4,2018-01-04,1,debt_consolidation,2018-01-04,2022-05-09 06:07:39.299667
162,6437,A00007052,63972,36,1777,D,2017,11,9,2017-11-09,1,home_improvement,2017-11-09,2022-05-09 09:07:53.299667
163,5287,A00001638,64224,24,2676,C,2018,1,26,2018-01-26,64,home,2018-01-26,2022-05-09 16:24:45.299667
164,5923,A00004585,64656,48,1347,C,2016,10,10,2016-10-10,1,debt_consolidation,2016-10-10,2022-05-02 16:44:14.299667
165,6357,A00006706,64860,60,1081,C,2018,7,12,2018-07-12,1,debt_consolidation,2018-07-12,2022-05-05 11:42:02.299667
166,6202,A00005891,65184,12,5432,A,2014,4,18,2014-04-18,1,home_improvement,2014-04-18,2022-05-03 13:14:38.299667
167,5531,A00002753,66432,24,2768,C,2017,9,30,2017-09-30,29,debt_consolidation,2017-09-30,2022-04-30 01:43:06.299667
168,5892,A00004462,66480,24,2770,B,2016,5,14,2016-05-14,1,home_improvement,2016-05-14,2022-05-07 11:45:02.299667
169,5931,A00004618,66696,24,2779,D,2017,3,17,2017-03-17,1,home,2017-03-17,2022-05-09 13:07:39.299667
170,5930,A00004616,66696,24,2779,C,2018,1,12,2018-01-12,1,home,2018-01-12,2022-05-03 08:37:24.299667
171,5039,A00000314,66840,24,2785,C,2017,5,3,2017-05-03,70,home,2017-05-03,2022-05-08 14:37:20.299667
172,7286,A00011271,67320,36,1870,C,2017,1,31,2017-01-31,1,home,2017-01-31,2022-05-08 05:34:54.299667
173,5682,A00003455,67464,12,5622,A,2017,3,7,2017-03-07,1,home,2017-03-07,2022-05-08 21:21:51.299667
174,7201,A00010807,67464,12,5622,A,2017,3,7,2017-03-07,1,home,2017-03-07,2022-05-07 20:16:03.299667
175,6249,A00006138,67608,24,2817,C,2017,7,30,2017-07-30,1,home,2017-07-30,2022-05-03 17:21:21.299667
176,6753,A00008688,67980,12,5665,A,2017,3,20,2017-03-20,1,home,2017-03-20,2022-05-09 18:44:03.299667
177,6598,A00007857,68112,12,5676,A,2015,1,18,2015-01-18,1,home,2015-01-18,2022-05-04 01:54:27.299667
178,5638,A00003249,68124,12,5677,A,2017,8,27,2017-08-27,59,home,2017-08-27,2022-05-03 11:00:06.299667
179,6095,A00005358,68340,60,1139,C,2017,1,24,2017-01-24,1,home,2017-01-24,2022-05-07 23:53:35.299667
180,5352,A00001993,68400,12,5700,B,2015,4,15,2015-04-15,59,home,2015-04-15,2022-05-06 22:01:11.299667
181,5741,A00003754,68544,24,2856,A,2016,11,3,2016-11-03,1,home,2016-11-03,2022-04-30 23:24:03.299667
182,5681,A00003448,68664,24,2861,C,2017,10,20,2017-10-20,1,home,2017-10-20,2022-05-03 04:19:15.299667
183,7194,A00010762,68832,36,1912,C,2016,9,17,2016-09-17,1,home,2016-09-17,2022-05-05 03:20:29.299667
184,7249,A00011065,69360,48,1445,A,2014,6,12,2014-06-12,1,home,2014-06-12,2022-05-06 22:52:21.299667
185,6857,A00009159,69600,48,1450,C,2018,6,8,2018-06-08,1,home,2018-06-08,2022-05-07 01:33:10.299667
186,5526,A00002725,69624,36,1934,C,2018,11,8,2018-11-08,1,home,2018-11-08,2022-05-07 14:45:39.299667
187,6817,A00009024,70656,48,1472,C,2016,10,4,2016-10-04,1,home,2016-10-04,2022-05-04 20:03:18.299667
188,5212,A00001256,71064,36,1974,A,2015,5,29,2015-05-29,64,home,2015-05-29,2022-05-03 12:54:01.299667
189,6624,A00007965,71460,12,5955,A,2014,9,30,2014-09-30,1,home,2014-09-30,2022-05-02 07:11:02.299667
190,5385,A00002143,71460,36,1985,C,2016,9,9,2016-09-09,59,home,2016-09-09,2022-05-07 02:08:59.299667
191,5669,A00003403,71820,36,1995,C,2018,6,27,2018-06-27,1,home,2018-06-27,2022-05-03 21:33:39.299667
192,6824,A00009052,71976,24,2999,D,2017,2,26,2017-02-26,1,home,2017-02-26,2022-05-08 06:28:42.299667
193,6599,A00007859,72120,12,6010,A,2016,11,19,2016-11-19,1,home,2016-11-19,2022-05-01 21:11:36.299667
194,6303,A00006400,72408,24,3017,B,2016,2,12,2016-02-12,1,home,2016-02-12,2022-05-09 02:33:10.299667
195,5420,A00002247,72504,24,3021,C,2017,2,24,2017-02-24,59,home,2017-02-24,2022-04-30 02:14:25.299667
196,5125,A00000789,73056,48,1522,C,2015,11,23,2015-11-23,64,home,2015-11-23,2022-05-03 01:18:36.299667
197,6490,A00007262,73260,60,1221,C,2017,2,10,2017-02-10,1,home,2017-02-10,2022-05-02 05:11:02.299667
198,5880,A00004423,73836,36,2051,A,2015,10,31,2015-10-31,1,home,2015-10-31,2022-05-04 09:24:42.299667
199,5878,A00004415,74040,12,6170,A,2017,4,1,2017-04-01,1,home,2017-04-01,2022-05-01 20:32:40.299667
200,6461,A00007136,74124,36,2059,C,2016,9,19,2016-09-19,1,home,2016-09-19,2022-05-09 07:43:41.299667
201,6766,A00008784,74352,24,3098,C,2018,4,28,2018-04-28,1,home,2018-04-28,2022-04-30 02:26:24.299667
202,6729,A00008519,74688,12,6224,A,2014,8,11,2014-08-11,1,home,2014-08-11,2022-05-09 15:00:27.299667
203,6668,A00008129,74736,36,2076,A,2014,7,30,2014-07-30,1,home,2014-07-30,2022-05-05 09:16:45.299667
204,5214,A00001270,74772,36,2077,C,2017,7,1,2017-07-01,64,home,2017-07-01,2022-05-06 18:19:17.299667
205,5760,A00003862,74916,36,2081,C,2018,9,18,2018-09-18,1,home,2018-09-18,2022-05-02 15:08:16.299667
206,7097,A00010266,75624,24,3151,B,2013,12,23,2013-12-23,1,home,2013-12-23,2022-05-07 20:49:21.299667
207,5992,A00004863,76080,12,6340,A,2017,3,18,2017-03-18,1,home,2017-03-18,2022-04-30 02:30:10.299667
208,6790,A00008919,76104,24,3171,C,2018,6,8,2018-06-08,1,home,2018-06-08,2022-05-10 07:52:46.299667
209,5739,A00003747,76380,12,6365,A,2015,1,2,2015-01-02,1,home,2015-01-02,2022-05-09 21:30:43.299667
210,6960,A00009640,76416,24,3184,A,2015,1,11,2015-01-11,1,home,2015-01-11,2022-05-06 22:44:21.299667
211,6737,A00008564,76680,24,3195,A,2015,3,11,2015-03-11,1,home,2015-03-11,2022-05-03 11:37:44.299667
212,6316,A00006473,76908,12,6409,B,2014,5,26,2014-05-26,1,home,2014-05-26,2022-05-04 03:46:21.299667
213,5117,A00000718,76944,12,6412,A,2017,8,20,2017-08-20,64,home,2017-08-20,2022-05-10 22:47:05.299667
214,6322,A00006510,76992,24,3208,C,2017,5,6,2017-05-06,1,home,2017-05-06,2022-05-08 04:17:30.299667
215,5635,A00003230,77184,36,2144,C,2016,10,4,2016-10-04,59,home,2016-10-04,2022-05-04 07:25:22.299667
216,6574,A00007745,77544,36,2154,C,2017,12,20,2017-12-20,1,home_improvement,2017-12-20,2022-05-09 16:54:28.299667
217,6642,A00008027,77640,12,6470,A,2014,6,5,2014-06-05,1,debt_consolidation,2014-06-05,2022-05-02 17:36:41.299667
218,7051,A00010068,77808,12,6484,A,2017,7,28,2017-07-28,1,home_improvement,2017-07-28,2022-05-04 23:15:10.299667
219,5389,A00002165,78600,24,3275,C,2017,8,22,2017-08-22,59,home,2017-08-22,2022-05-05 19:18:14.299667
220,6113,A00005445,78696,36,2186,C,2017,10,1,2017-10-01,1,debt_consolidation,2017-10-01,2022-05-01 19:44:49.299667
221,6215,A00005944,78720,48,1640,C,2018,6,18,2018-06-18,1,debt_consolidation,2018-06-18,2022-05-04 10:41:59.299667
222,5285,A00001603,78936,12,6578,A,2014,2,6,2014-02-06,64,home_improvement,2014-02-06,2022-05-08 23:48:38.299667
223,6605,A00007890,79344,48,1653,C,2017,10,14,2017-10-14,1,debt_consolidation,2017-10-14,2022-05-03 11:45:23.299667
224,6077,A00005270,79608,24,3317,A,2013,11,22,2013-11-22,1,home_improvement,2013-11-22,2022-05-09 19:49:20.299667
225,5836,A00004259,79632,24,3318,A,2014,8,27,2014-08-27,1,home,2014-08-27,2022-05-09 18:25:49.299667
226,6059,A00005196,79824,12,6652,A,2017,12,28,2017-12-28,1,home,2017-12-28,2022-05-04 20:43:03.299667
227,6294,A00006353,79920,60,1332,C,2015,2,12,2015-02-12,1,home,2015-02-12,2022-05-02 17:18:26.299667
228,6678,A00008173,80340,12,6695,A,2014,5,20,2014-05-20,1,home,2014-05-20,2022-05-09 01:32:56.299667
229,4959,A00000002,80952,24,3373,A,2014,1,5,2014-01-05,1,home,2014-01-05,2022-05-02 15:07:31.299667
230,6499,A00007401,80952,24,3373,A,2014,1,5,2014-01-05,1,home,2014-01-05,2022-05-04 12:41:45.299667
231,5906,A00004533,81144,36,2254,C,2018,5,5,2018-05-05,1,home,2018-05-05,2022-05-03 15:14:55.299667
232,6868,A00009208,82128,24,3422,C,2018,10,12,2018-10-12,1,home,2018-10-12,2022-05-04 12:15:45.299667
233,5595,A00003050,82896,12,6908,A,2014,9,2,2014-09-02,18,home,2014-09-02,2022-05-02 08:49:43.299667
234,6150,A00005622,83016,12,6918,A,2014,11,2,2014-11-02,1,home,2014-11-02,2022-05-10 14:57:23.299667
235,6875,A00009235,83280,48,1735,C,2017,3,13,2017-03-13,1,home,2017-03-13,2022-05-08 22:30:41.299667
236,6922,A00009424,83628,36,2323,C,2017,8,26,2017-08-26,1,home,2017-08-26,2022-05-07 00:51:15.299667
237,5367,A00002064,83628,36,2323,C,2017,8,26,2017-08-26,59,home,2017-08-26,2022-05-04 07:02:38.299667
238,6613,A00007926,84120,24,3505,A,2016,9,22,2016-09-22,1,home,2016-09-22,2022-05-01 11:36:45.299667
239,5790,A00004033,84288,48,1756,C,2017,3,20,2017-03-20,1,home,2017-03-20,2022-05-08 04:02:23.299667
240,5061,A00000440,84288,48,1756,C,2018,3,13,2018-03-13,70,home,2018-03-13,2022-04-30 15:45:50.299667
241,5784,A00003967,84600,36,2350,D,2017,3,29,2017-03-29,1,home,2017-03-29,2022-05-01 07:36:44.299667
242,6283,A00006289,85632,48,1784,C,2016,8,11,2016-08-11,1,home,2016-08-11,2022-04-30 10:28:38.299667
243,6751,A00008680,85716,36,2381,C,2016,7,14,2016-07-14,1,home,2016-07-14,2022-05-09 11:03:18.299667
244,6726,A00008492,85860,60,1431,C,2015,9,3,2015-09-03,1,home,2015-09-03,2022-05-09 21:20:31.299667
245,6921,A00009422,86184,12,7182,A,2016,10,29,2016-10-29,1,home,2016-10-29,2022-05-06 17:27:14.299667
246,5893,A00004467,86184,36,2394,C,2018,8,3,2018-08-03,1,home,2018-08-03,2022-05-01 04:41:19.299667
247,5366,A00002062,86184,12,7182,A,2016,10,29,2016-10-29,59,home,2016-10-29,2022-05-02 00:53:14.299667
248,6876,A00009236,86616,12,7218,A,2013,12,21,2013-12-21,1,home,2013-12-21,2022-05-09 06:19:24.299667
249,7119,A00010361,86880,12,7240,A,2017,6,2,2017-06-02,1,home,2017-06-02,2022-05-04 08:02:38.299667
250,6210,A00005927,87216,48,1817,B,2014,6,6,2014-06-06,1,home,2014-06-06,2022-05-08 15:10:55.299667
251,5138,A00000854,87216,48,1817,C,2015,5,30,2015-05-30,64,home,2015-05-30,2022-05-09 00:54:12.299667
252,6279,A00006273,87360,24,3640,A,2014,6,7,2014-06-07,1,home,2014-06-07,2022-05-06 10:11:30.299667
253,6278,A00006265,87360,24,3640,C,2017,6,10,2017-06-10,1,home,2017-06-10,2022-05-03 07:38:42.299667
254,5933,A00004631,87528,24,3647,C,2017,12,13,2017-12-13,1,home,2017-12-13,2022-05-05 14:35:51.299667
255,5882,A00004427,87816,12,7318,A,2014,9,26,2014-09-26,1,home,2014-09-26,2022-05-09 03:12:39.299667
256,6687,A00008261,87840,24,3660,A,2013,9,13,2013-09-13,1,home,2013-09-13,2022-05-02 14:10:22.299667
257,6969,A00009673,88200,36,2450,C,2018,9,12,2018-09-12,1,home,2018-09-12,2022-05-06 13:06:38.299667
258,6763,A00008772,88272,48,1839,C,2017,6,19,2017-06-19,1,home,2017-06-19,2022-05-07 10:59:19.299667
259,4996,A00000132,88440,12,7370,A,2016,11,6,2016-11-06,1,home,2016-11-06,2022-05-08 23:49:27.299667
260,5585,A00002988,88608,12,7384,C,2018,7,8,2018-07-08,18,home,2018-07-08,2022-05-05 19:48:20.299667
261,7115,A00010351,88704,48,1848,C,2017,3,4,2017-03-04,1,home,2017-03-04,2022-05-08 11:47:11.299667
262,6696,A00008321,89040,60,1484,C,2014,5,9,2014-05-09,1,home,2014-05-09,2022-05-02 20:09:48.299667
263,7277,A00011231,89280,12,7440,A,2017,10,24,2017-10-24,1,home,2017-10-24,2022-05-09 16:36:16.299667
264,7013,A00009928,89340,60,1489,C,2016,8,2,2016-08-02,1,home,2016-08-02,2022-05-02 18:28:09.299667
265,5495,A00002580,89340,60,1489,C,2016,8,2,2016-08-02,46,home,2016-08-02,2022-05-03 12:46:08.299667
266,7263,A00011138,89880,24,3745,A,2016,1,19,2016-01-19,1,home,2016-01-19,2022-05-05 07:42:41.299667
267,5868,A00004361,90156,12,7513,A,2017,3,29,2017-03-29,1,home,2017-03-29,2022-04-30 21:37:39.299667
268,6088,A00005317,90180,36,2505,C,2017,3,7,2017-03-07,1,home,2017-03-07,2022-05-07 09:58:46.299667
269,5088,A00000544,91152,24,3798,A,2016,8,22,2016-08-22,64,home,2016-08-22,2022-05-09 10:23:41.299667
270,6520,A00007485,91200,24,3800,A,2014,3,16,2014-03-16,1,home,2014-03-16,2022-05-09 13:51:51.299667
271,5036,A00000309,91248,48,1901,C,2018,11,25,2018-11-25,70,home,2018-11-25,2022-05-09 10:11:17.299667
272,6596,A00007844,91584,24,3816,A,2014,6,25,2014-06-25,1,home,2014-06-25,2022-05-04 15:16:59.299667
273,5519,A00002694,91632,12,7636,A,2014,3,8,2014-03-08,1,home,2014-03-08,2022-05-08 18:18:29.299667
274,7046,A00010049,91632,12,7636,A,2017,3,28,2017-03-28,1,home,2017-03-28,2022-05-10 15:34:23.299667
275,5377,A00002116,92400,12,7700,A,2017,8,4,2017-08-04,59,home,2017-08-04,2022-05-09 06:02:29.299667
276,5413,A00002227,92976,24,3874,A,2015,12,12,2015-12-12,59,home,2015-12-12,2022-05-03 14:16:08.299667
277,6730,A00008523,93036,12,7753,C,2018,2,15,2018-02-15,1,home,2018-02-15,2022-05-02 07:23:20.299667
278,6644,A00008039,93600,24,3900,A,2016,10,20,2016-10-20,1,home,2016-10-20,2022-05-07 20:03:33.299667
279,5523,A00002705,93888,36,2608,A,2013,12,8,2013-12-08,1,home,2013-12-08,2022-05-05 19:37:22.299667
280,5525,A00002720,93888,36,2608,C,2018,4,27,2018-04-27,1,home,2018-04-27,2022-05-06 22:33:52.299667
281,5895,A00004473,93960,60,1566,C,2017,1,3,2017-01-03,1,home,2017-01-03,2022-05-09 23:41:12.299667
282,6562,A00007674,94488,24,3937,C,2017,3,21,2017-03-21,1,home,2017-03-21,2022-05-09 17:01:54.299667
283,5643,A00003273,94512,12,7876,B,2017,9,21,2017-09-21,59,home,2017-09-21,2022-05-02 07:18:27.299667
284,6356,A00006701,95400,36,2650,A,2013,12,8,2013-12-08,1,home,2013-12-08,2022-05-10 21:17:50.299667
285,5464,A00002419,95808,12,7984,A,2015,1,30,2015-01-30,59,home,2015-01-30,2022-05-08 19:54:39.299667
286,6995,A00009814,96168,12,8014,A,2016,9,26,2016-09-26,1,home,2016-09-26,2022-04-30 07:45:23.299667
287,5314,A00001787,96396,12,8033,B,2013,7,5,2013-07-05,64,home,2013-07-05,2022-05-04 22:30:47.299667
288,6421,A00006985,96768,36,2688,C,2016,7,25,2016-07-25,1,home,2016-07-25,2022-05-07 10:48:35.299667
289,5774,A00003916,96984,36,2694,C,2018,7,12,2018-07-12,1,home,2018-07-12,2022-05-06 14:57:10.299667
290,5953,A00004715,97176,24,4049,C,2017,3,14,2017-03-14,1,home,2017-03-14,2022-05-10 12:07:53.299667
291,5877,A00004414,97224,24,4051,A,2015,2,23,2015-02-23,1,home,2015-02-23,2022-05-08 13:56:27.299667
292,6612,A00007907,97392,12,8116,A,2017,8,31,2017-08-31,1,home,2017-08-31,2022-05-03 15:29:49.299667
293,6998,A00009833,97632,12,8136,A,2014,5,21,2014-05-21,1,home,2014-05-21,2022-05-07 21:48:34.299667
294,6677,A00008169,97980,60,1633,C,2017,8,12,2017-08-12,1,home,2017-08-12,2022-05-01 17:10:26.299667
295,5161,A00001012,98184,24,4091,A,2014,10,28,2014-10-28,64,home,2014-10-28,2022-05-09 05:39:15.299667
296,7253,A00011079,98304,12,8192,A,2017,4,26,2017-04-26,1,home,2017-04-26,2022-05-02 07:42:51.299667
297,6157,A00005650,98592,24,4108,A,2015,7,10,2015-07-10,1,home,2015-07-10,2022-05-02 15:17:21.299667
298,5999,A00004907,98832,48,2059,C,2016,1,3,2016-01-03,1,home,2016-01-03,2022-05-02 23:22:30.299667
299,6168,A00005698,99216,36,2756,C,2018,11,21,2018-11-21,1,home,2018-11-21,2022-05-08 12:12:23.299667
300,6665,A00008114,99300,60,1655,C,2017,8,15,2017-08-15,1,home,2017-08-15,2022-05-02 18:35:11.299667
301,5449,A00002343,99336,24,4139,A,2015,11,4,2015-11-04,59,home,2015-11-04,2022-05-04 00:04:44.299667
302,5208,A00001247,99696,48,2077,D,2015,3,16,2015-03-16,64,home,2015-03-16,2022-05-06 03:05:45.299667
303,6469,A00007180,99744,24,4156,C,2018,11,17,2018-11-17,1,home,2018-11-17,2022-05-01 04:45:53.299667
304,6913,A00009377,99936,24,4164,C,2017,4,29,2017-04-29,1,home,2017-04-29,2022-05-05 07:31:08.299667
305,5253,A00001447,100080,48,2085,C,2017,6,3,2017-06-03,64,home,2017-06-03,2022-05-08 08:44:01.299667
306,5862,A00004342,100128,24,4172,C,2017,12,9,2017-12-09,1,home,2017-12-09,2022-05-08 18:33:52.299667
307,6816,A00009017,100224,48,2088,D,2016,3,26,2016-03-26,1,home,2016-03-26,2022-05-03 13:39:22.299667
308,6346,A00006649,100260,60,1671,C,2017,5,22,2017-05-22,1,home,2017-05-22,2022-05-03 23:42:50.299667
309,5817,A00004127,100800,24,4200,D,2017,8,15,2017-08-15,1,home,2017-08-15,2022-05-09 20:27:22.299667
310,5044,A00000344,100980,60,1683,C,2014,12,21,2014-12-21,70,home,2014-12-21,2022-05-01 20:05:30.299667
311,5375,A00002106,101520,12,8460,A,2016,10,3,2016-10-03,59,home,2016-10-03,2022-05-04 01:41:48.299667
312,5110,A00000675,102240,60,1704,C,2017,4,1,2017-04-01,64,home,2017-04-01,2022-05-06 16:45:32.299667
313,4986,A00000097,102876,12,8573,A,2017,8,10,2017-08-10,1,home,2017-08-10,2022-05-08 22:20:03.299667
314,6169,A00005700,103680,60,1728,D,2015,3,16,2015-03-16,1,home,2015-03-16,2022-05-10 00:33:41.299667
315,6950,A00009591,104712,24,4363,A,2015,4,11,2015-04-11,1,home,2015-04-11,2022-05-06 05:10:41.299667
316,6949,A00009583,104712,24,4363,A,2015,12,12,2015-12-12,1,home,2015-12-12,2022-05-08 22:33:21.299667
317,5002,A00000173,104808,12,8734,A,2014,5,31,2014-05-31,1,home,2014-05-31,2022-05-06 16:50:08.299667
318,6320,A00006495,104964,12,8747,C,2018,4,28,2018-04-28,1,home,2018-04-28,2022-05-07 13:58:05.299667
319,5325,A00001843,105804,36,2939,A,2013,8,3,2013-08-03,64,home,2013-08-03,2022-05-03 04:06:42.299667
320,5799,A00004052,106128,36,2948,C,2017,12,28,2017-12-28,1,home,2017-12-28,2022-05-09 10:24:41.299667
321,5940,A00004660,106944,24,4456,C,2017,5,28,2017-05-28,1,home,2017-05-28,2022-05-10 14:48:53.299667
322,5779,A00003942,107352,36,2982,C,2017,10,14,2017-10-14,1,home,2017-10-14,2022-05-07 10:02:22.299667
323,5959,A00004727,107640,24,4485,A,2015,8,11,2015-08-11,1,home,2015-08-11,2022-05-06 01:28:19.299667
324,7259,A00011111,108144,36,3004,A,2014,1,31,2014-01-31,1,home,2014-01-31,2022-05-03 19:00:30.299667
325,5154,A00000993,108720,60,1812,C,2018,7,1,2018-07-01,64,home,2018-07-01,2022-05-03 23:45:32.299667
326,5015,A00000226,109344,12,9112,C,2018,7,12,2018-07-12,1,home,2018-07-12,2022-04-30 23:14:00.299667
327,6015,A00005001,110112,24,4588,A,2016,11,9,2016-11-09,1,home,2016-11-09,2022-05-05 09:35:30.299667
328,6309,A00006434,110136,24,4589,A,2016,11,11,2016-11-11,1,home,2016-11-11,2022-05-06 05:25:07.299667
329,6508,A00007437,110736,48,2307,C,2018,4,19,2018-04-19,1,home,2018-04-19,2022-05-07 12:13:18.299667
330,4968,A00000038,110736,48,2307,C,2018,4,19,2018-04-19,1,home,2018-04-19,2022-05-09 13:49:02.299667
331,5533,A00002762,111384,24,4641,A,2014,7,5,2014-07-05,29,home,2014-07-05,2022-05-10 12:53:24.299667
332,5034,A00000303,112752,36,3132,C,2018,5,30,2018-05-30,70,home,2018-05-30,2022-05-06 19:12:14.299667
333,7091,A00010243,113436,36,3151,C,2018,9,22,2018-09-22,1,home,2018-09-22,2022-04-30 03:21:24.299667
334,7213,A00010884,113544,36,3154,C,2016,2,13,2016-02-13,1,home,2016-02-13,2022-05-01 09:40:31.299667
335,6985,A00009731,113796,36,3161,A,2015,11,22,2015-11-22,1,home,2015-11-22,2022-05-04 13:55:04.299667
336,7233,A00010963,115812,36,3217,C,2016,12,25,2016-12-25,1,home,2016-12-25,2022-05-08 01:43:14.299667
337,7192,A00010738,115992,36,3222,A,2014,12,21,2014-12-21,1,home,2014-12-21,2022-05-05 08:26:18.299667
338,6984,A00009730,116040,60,1934,C,2017,8,15,2017-08-15,1,home,2017-08-15,2022-05-10 10:38:55.299667
339,6353,A00006686,116496,24,4854,C,2017,12,25,2017-12-25,1,home,2017-12-25,2022-05-06 13:43:00.299667
340,6934,A00009494,116832,12,9736,A,2017,2,9,2017-02-09,1,home,2017-02-09,2022-05-06 10:00:53.299667
341,5997,A00004894,117024,24,4876,A,2013,11,4,2013-11-04,1,home,2013-11-04,2022-05-07 20:14:50.299667
342,6076,A00005269,117420,60,1957,C,2017,2,2,2017-02-02,1,home,2017-02-02,2022-05-04 07:27:47.299667
343,7250,A00011069,119136,48,2482,C,2017,3,4,2017-03-04,1,home,2017-03-04,2022-05-05 09:59:32.299667
344,6919,A00009403,120888,36,3358,A,2014,8,5,2014-08-05,1,home,2014-08-05,2022-05-01 06:55:07.299667
345,7061,A00010105,121896,24,5079,A,2014,8,27,2014-08-27,1,home,2014-08-27,2022-05-02 21:31:35.299667
346,6866,A00009201,122472,24,5103,C,2018,2,5,2018-02-05,1,home,2018-02-05,2022-04-30 13:39:46.299667
347,5610,A00003112,123216,48,2567,C,2016,2,24,2016-02-24,18,home,2016-02-24,2022-05-09 06:01:22.299667
348,5260,A00001480,123300,36,3425,C,2018,1,19,2018-01-19,64,home,2018-01-19,2022-05-04 07:17:22.299667
349,7130,A00010411,123408,24,5142,A,2016,12,11,2016-12-11,1,home,2016-12-11,2022-05-09 12:14:07.299667
350,6190,A00005794,123600,60,2060,C,2016,5,6,2016-05-06,1,home,2016-05-06,2022-05-01 15:21:11.299667
351,5032,A00000290,123696,48,2577,A,2014,11,3,2014-11-03,70,home,2014-11-03,2022-05-04 13:56:12.299667
352,6386,A00006856,124344,36,3454,C,2017,4,30,2017-04-30,1,home,2017-04-30,2022-05-06 14:40:14.299667
353,6785,A00008899,125340,60,2089,C,2015,12,25,2015-12-25,1,home,2015-12-25,2022-05-06 11:18:54.299667
354,5245,A00001407,125472,24,5228,C,2018,1,17,2018-01-17,64,home,2018-01-17,2022-05-03 23:13:58.299667
355,5241,A00001389,125472,24,5228,C,2018,9,2,2018-09-02,64,home,2018-09-02,2022-05-09 01:47:58.299667
356,6996,A00009828,126600,24,5275,A,2015,4,13,2015-04-13,1,home,2015-04-13,2022-05-03 03:48:39.299667
357,6863,A00009188,127080,60,2118,A,2013,7,28,2013-07-28,1,home,2013-07-28,2022-05-03 09:59:01.299667
358,6355,A00006699,127200,48,2650,C,2017,9,24,2017-09-24,1,home,2017-09-24,2022-05-07 05:20:03.299667
359,6641,A00008026,128268,36,3563,C,2017,9,9,2017-09-09,1,home,2017-09-09,2022-05-01 13:08:15.299667
360,5206,A00001242,128544,24,5356,C,2017,9,7,2017-09-07,64,home,2017-09-07,2022-05-05 01:44:08.299667
361,6013,A00004995,128988,36,3583,D,2016,2,3,2016-02-03,1,home,2016-02-03,2022-05-10 20:22:00.299667
362,6075,A00005267,129312,24,5388,D,2017,11,26,2017-11-26,1,home,2017-11-26,2022-05-06 13:22:33.299667
363,7308,A00011362,129408,24,5392,A,2016,12,27,2016-12-27,1,home,2016-12-27,2022-05-03 22:03:11.299667
364,6544,A00007594,130464,48,2718,C,2017,12,11,2017-12-11,1,home,2017-12-11,2022-05-06 21:00:05.299667
365,5616,A00003143,130896,24,5454,C,2018,5,15,2018-05-15,18,home,2018-05-15,2022-05-07 00:02:51.299667
366,7220,A00010911,131292,36,3647,A,2014,7,28,2014-07-28,1,home,2014-07-28,2022-05-05 23:12:41.299667
367,7151,A00010493,133800,24,5575,C,2018,2,18,2018-02-18,1,home,2018-02-18,2022-05-05 03:16:39.299667
368,5773,A00003907,133848,24,5577,C,2018,3,16,2018-03-16,1,home,2018-03-16,2022-05-08 07:43:37.299667
369,6992,A00009790,133968,48,2791,C,2016,7,27,2016-07-27,1,home,2016-07-27,2022-05-10 23:50:06.299667
370,6694,A00008316,134784,24,5616,A,2015,3,19,2015-03-19,1,home,2015-03-19,2022-05-02 18:52:16.299667
371,5900,A00004503,135360,48,2820,C,2016,1,1,2016-01-01,1,home,2016-01-01,2022-05-10 11:17:36.299667
372,5501,A00002622,136344,24,5681,C,2018,5,21,2018-05-21,46,home,2018-05-21,2022-05-01 14:49:36.299667
373,7067,A00010134,136368,24,5682,C,2018,1,11,2018-01-11,1,home,2018-01-11,2022-05-07 06:58:21.299667
374,6358,A00006715,137880,60,2298,D,2015,1,14,2015-01-14,1,home,2015-01-14,2022-05-01 02:35:14.299667
375,5805,A00004081,137904,24,5746,B,2015,11,28,2015-11-28,1,home,2015-11-28,2022-05-03 14:34:26.299667
376,5415,A00002236,139464,36,3874,D,2016,9,26,2016-09-26,59,home,2016-09-26,2022-05-09 17:18:33.299667
377,6402,A00006922,139488,24,5812,C,2018,12,6,2018-12-06,1,home,2018-12-06,2022-05-07 17:35:08.299667
378,6965,A00009656,139536,24,5814,A,2015,6,13,2015-06-13,1,home,2015-06-13,2022-05-05 09:46:27.299667
379,6571,A00007733,140064,24,5836,C,2018,5,12,2018-05-12,1,home,2018-05-12,2022-05-07 00:10:36.299667
380,6645,A00008041,140400,36,3900,A,2014,11,6,2014-11-06,1,home,2014-11-06,2022-05-04 01:45:29.299667
381,7202,A00010812,140688,48,2931,C,2018,5,29,2018-05-29,1,home,2018-05-29,2022-05-01 19:22:09.299667
382,5683,A00003460,140688,48,2931,C,2018,5,29,2018-05-29,1,home,2018-05-29,2022-05-06 01:55:01.299667
383,6136,A00005572,140880,60,2348,C,2018,4,19,2018-04-19,1,home,2018-04-19,2022-05-06 03:47:03.299667
384,6216,A00005952,141240,24,5885,A,2014,9,30,2014-09-30,1,home,2014-09-30,2022-05-08 12:56:24.299667
385,5988,A00004851,141648,24,5902,A,2016,8,22,2016-08-22,1,home,2016-08-22,2022-05-06 17:51:15.299667
386,5301,A00001698,141948,36,3943,C,2016,7,6,2016-07-06,64,home,2016-07-06,2022-05-09 13:26:53.299667
387,5320,A00001819,143676,36,3991,C,2018,1,11,2018-01-11,64,home,2018-01-11,2022-05-10 03:17:05.299667
388,6004,A00004937,143904,24,5996,A,2014,7,23,2014-07-23,1,home,2014-07-23,2022-05-01 06:58:16.299667
389,6632,A00007990,144960,48,3020,C,2018,4,23,2018-04-23,1,home,2018-04-23,2022-05-09 15:21:35.299667
390,5656,A00003353,146064,24,6086,C,2017,2,9,2017-02-09,59,home,2017-02-09,2022-04-30 07:53:41.299667
391,5210,A00001252,148140,36,4115,C,2017,4,1,2017-04-01,64,home,2017-04-01,2022-05-05 04:28:38.299667
392,7246,A00011054,148920,60,2482,C,2016,8,20,2016-08-20,1,home,2016-08-20,2022-05-02 23:33:34.299667
393,5189,A00001166,149040,48,3105,A,2014,2,7,2014-02-07,64,home,2014-02-07,2022-05-07 22:28:32.299667
394,6103,A00005385,149340,60,2489,C,2014,4,7,2014-04-07,1,home,2014-04-07,2022-04-30 20:37:09.299667
395,6010,A00004969,150180,60,2503,C,2017,3,6,2017-03-06,1,home,2017-03-06,2022-04-30 14:45:29.299667
396,6313,A00006461,150912,36,4192,C,2017,6,15,2017-06-15,1,home,2017-06-15,2022-05-02 05:52:14.299667
397,5815,A00004116,151200,36,4200,C,2018,6,3,2018-06-03,1,home,2018-06-03,2022-05-03 13:50:14.299667
398,7137,A00010439,151560,24,6315,A,2014,6,3,2014-06-03,1,home,2014-06-03,2022-04-30 13:13:16.299667
399,6986,A00009750,151728,48,3161,D,2015,2,11,2015-02-11,1,home,2015-02-11,2022-05-06 22:29:36.299667
400,6486,A00007240,152160,60,2536,C,2018,1,15,2018-01-15,1,home,2018-01-15,2022-05-05 18:19:51.299667
401,7221,A00010915,152460,60,2541,C,2018,6,11,2018-06-11,1,home,2018-06-11,2022-05-07 19:11:36.299667
402,6607,A00007894,153144,36,4254,C,2017,10,21,2017-10-21,1,home,2017-10-21,2022-04-30 09:00:53.299667
403,6541,A00007565,153504,48,3198,C,2017,8,17,2017-08-17,1,home,2017-08-17,2022-05-07 11:30:18.299667
404,5765,A00003875,153936,24,6414,C,2018,2,10,2018-02-10,1,home,2018-02-10,2022-05-10 11:22:34.299667
405,7235,A00010973,154416,48,3217,A,2013,10,13,2013-10-13,1,home,2013-10-13,2022-05-10 04:03:03.299667
406,7189,A00010728,154656,48,3222,C,2016,3,21,2016-03-21,1,home,2016-03-21,2022-05-02 23:50:32.299667
407,6818,A00009030,155616,48,3242,C,2016,12,12,2016-12-12,1,home,2016-12-12,2022-05-10 09:43:25.299667
408,5591,A00003021,155616,48,3242,C,2016,12,4,2016-12-04,18,home,2016-12-04,2022-05-07 09:44:52.299667
409,6471,A00007184,155640,24,6485,A,2016,8,4,2016-08-04,1,home,2016-08-04,2022-04-30 04:58:20.299667
410,7279,A00011244,155760,24,6490,C,2017,12,11,2017-12-11,1,home,2017-12-11,2022-05-04 01:56:43.299667
411,6667,A00008127,155880,24,6495,A,2016,7,15,2016-07-15,1,home,2016-07-15,2022-05-06 12:40:34.299667
412,5124,A00000785,156096,36,4336,C,2018,2,12,2018-02-12,64,home,2018-02-12,2022-04-30 17:50:48.299667
413,5527,A00002728,156420,60,2607,C,2018,6,15,2018-06-15,1,home,2018-06-15,2022-05-09 12:25:17.299667
414,5453,A00002361,156672,36,4352,A,2015,4,1,2015-04-01,59,home,2015-04-01,2022-05-09 03:51:39.299667
415,6948,A00009560,157068,36,4363,C,2018,3,15,2018-03-15,1,home,2018-03-15,2022-05-08 14:42:49.299667
416,6104,A00005395,158184,36,4394,C,2017,9,5,2017-09-05,1,home,2017-09-05,2022-04-30 17:49:04.299667
417,5713,A00003629,158760,60,2646,C,2015,5,30,2015-05-30,1,home,2015-05-30,2022-05-09 21:39:36.299667
418,5804,A00004079,158976,48,3312,C,2015,4,5,2015-04-05,1,home,2015-04-05,2022-05-05 07:40:58.299667
419,5451,A00002350,159744,48,3328,C,2017,5,11,2017-05-11,59,home,2017-05-11,2022-05-10 13:56:14.299667
420,6633,A00007997,160656,24,6694,C,2018,2,5,2018-02-05,1,home,2018-02-05,2022-05-06 18:35:39.299667
421,5027,A00000276,160920,36,4470,C,2018,12,2,2018-12-02,1,home,2018-12-02,2022-05-06 09:45:08.299667
422,5706,A00003608,161496,36,4486,C,2016,5,24,2016-05-24,1,home,2016-05-24,2022-05-09 19:08:36.299667
423,5337,A00001886,162468,36,4513,C,2016,7,31,2016-07-31,64,home,2016-07-31,2022-05-02 10:15:24.299667
424,4990,A00000110,162576,36,4516,C,2017,9,8,2017-09-08,1,home,2017-09-08,2022-05-06 01:29:53.299667
425,5942,A00004681,162624,48,3388,C,2017,3,15,2017-03-15,1,home,2017-03-15,2022-05-07 21:10:39.299667
426,6856,A00009156,163332,36,4537,C,2018,12,1,2018-12-01,1,home,2018-12-01,2022-05-09 02:08:02.299667
427,5269,A00001527,164052,36,4557,B,2014,11,19,2014-11-19,64,home,2014-11-19,2022-05-10 14:23:38.299667
428,5850,A00004293,164196,36,4561,C,2017,5,22,2017-05-22,1,home,2017-05-22,2022-05-03 19:59:27.299667
429,6871,A00009225,164256,48,3422,C,2017,4,13,2017-04-13,1,home,2017-04-13,2022-05-01 02:36:48.299667
430,5482,A00002496,165120,60,2752,C,2016,1,12,2016-01-12,59,home,2016-01-12,2022-05-07 00:28:34.299667
431,6014,A00004999,165168,36,4588,C,2017,5,18,2017-05-18,1,home,2017-05-18,2022-05-09 13:28:02.299667
432,5265,A00001498,165780,60,2763,C,2018,10,7,2018-10-07,64,home,2018-10-07,2022-05-10 12:18:18.299667
433,4973,A00000067,165960,24,6915,A,2016,5,2,2016-05-02,1,home,2016-05-02,2022-04-30 17:51:34.299667
434,5316,A00001801,165960,36,4610,A,2013,7,11,2013-07-11,64,home,2013-07-11,2022-05-09 13:02:56.299667
435,7055,A00010079,167100,60,2785,C,2014,4,6,2014-04-06,1,home,2014-04-06,2022-04-30 19:44:03.299667
436,5956,A00004725,168264,36,4674,C,2017,11,4,2017-11-04,1,home,2017-11-04,2022-05-03 13:07:13.299667
437,7241,A00011021,168984,24,7041,B,2015,3,4,2015-03-04,1,home,2015-03-04,2022-05-09 12:45:39.299667
438,5390,A00002167,170256,24,7094,A,2014,10,30,2014-10-30,59,home,2014-10-30,2022-05-02 14:33:28.299667
439,6552,A00007632,170448,48,3551,C,2018,1,8,2018-01-08,1,home,2018-01-08,2022-05-03 19:14:45.299667
440,6755,A00008713,170700,60,2845,C,2018,7,24,2018-07-24,1,home,2018-07-24,2022-05-07 19:05:39.299667
441,6078,A00005283,170832,48,3559,C,2018,9,9,2018-09-09,1,home,2018-09-09,2022-05-07 17:43:00.299667
442,6841,A00009104,172080,48,3585,A,2014,8,7,2014-08-07,1,home,2014-08-07,2022-05-09 19:20:50.299667
443,5304,A00001718,172272,24,7178,C,2018,8,20,2018-08-20,64,home,2018-08-20,2022-05-07 03:40:18.299667
444,6734,A00008547,173016,36,4806,C,2016,5,30,2016-05-30,1,home,2016-05-30,2022-04-30 16:33:05.299667
445,6066,A00005228,173808,24,7242,A,2014,7,11,2014-07-11,1,home,2014-07-11,2022-05-06 15:20:59.299667
446,6732,A00008533,174048,48,3626,C,2016,9,19,2016-09-19,1,home,2016-09-19,2022-05-03 20:08:55.299667
447,6111,A00005428,174744,24,7281,B,2013,9,24,2013-09-24,1,home,2013-09-24,2022-05-03 04:24:40.299667
448,6112,A00005442,174744,24,7281,B,2014,6,17,2014-06-17,1,home,2014-06-17,2022-05-06 12:37:00.299667
449,5698,A00003556,174840,60,2914,C,2018,9,22,2018-09-22,1,home,2018-09-22,2022-05-04 16:28:55.299667
450,5699,A00003562,174960,24,7290,C,2018,5,24,2018-05-24,1,home,2018-05-24,2022-05-03 08:26:55.299667
451,6961,A00009645,176148,36,4893,C,2016,6,6,2016-06-06,1,home,2016-06-06,2022-05-03 02:40:15.299667
452,5360,A00002035,176328,36,4898,C,2018,1,25,2018-01-25,59,home,2018-01-25,2022-05-01 09:00:43.299667
453,6147,A00005602,177504,48,3698,C,2017,12,28,2017-12-28,1,home,2017-12-28,2022-04-30 14:34:14.299667
454,5624,A00003166,177744,48,3703,D,2015,1,3,2015-01-03,18,home,2015-01-03,2022-05-04 17:42:54.299667
455,6196,A00005837,177804,36,4939,C,2017,9,14,2017-09-14,1,home,2017-09-14,2022-05-08 04:55:35.299667
456,5140,A00000873,178500,60,2975,C,2018,2,24,2018-02-24,64,home,2018-02-24,2022-05-09 22:21:26.299667
457,6011,A00004981,179328,48,3736,C,2016,11,28,2016-11-28,1,home,2016-11-28,2022-05-03 10:25:23.299667
458,6302,A00006397,181020,60,3017,C,2016,9,16,2016-09-16,1,home,2016-09-16,2022-05-10 04:09:42.299667
459,5409,A00002218,182040,60,3034,C,2015,11,18,2015-11-18,59,home,2015-11-18,2022-05-08 02:41:43.299667
460,7262,A00011135,182628,36,5073,A,2014,3,1,2014-03-01,1,home,2014-03-01,2022-05-10 15:32:49.299667
461,5209,A00001250,182640,48,3805,C,2016,11,25,2016-11-25,64,home,2016-11-25,2022-05-06 16:52:53.299667
462,6207,A00005912,184620,60,3077,C,2018,6,23,2018-06-23,1,home,2018-06-23,2022-05-03 18:35:01.299667
463,5226,A00001318,185544,36,5154,C,2018,10,11,2018-10-11,64,home,2018-10-11,2022-05-07 06:23:18.299667
464,6746,A00008639,185640,60,3094,C,2018,6,6,2018-06-06,1,home,2018-06-06,2022-05-09 18:08:42.299667
465,5414,A00002228,185952,48,3874,C,2015,3,29,2015-03-29,59,home,2015-03-29,2022-05-02 19:18:08.299667
466,6793,A00008931,186300,60,3105,C,2017,1,30,2017-01-30,1,home,2017-01-30,2022-05-06 15:33:24.299667
467,6810,A00009006,186384,48,3883,C,2016,6,8,2016-06-08,1,home,2016-06-08,2022-05-02 14:00:44.299667
468,5136,A00000846,187104,24,7796,A,2016,7,28,2016-07-28,64,home,2016-07-28,2022-05-03 03:02:42.299667
469,5045,A00000347,187224,24,7801,B,2015,5,1,2015-05-01,70,home,2015-05-01,2022-05-02 21:49:46.299667
470,5158,A00001004,188532,36,5237,C,2018,4,11,2018-04-11,64,home,2018-04-11,2022-05-01 10:24:46.299667
471,6908,A00009353,188616,24,7859,C,2017,6,8,2017-06-08,1,home,2017-06-08,2022-05-10 13:00:09.299667
472,6933,A00009493,188688,48,3931,C,2015,9,9,2015-09-09,1,home,2015-09-09,2022-05-07 00:32:35.299667
473,5151,A00000960,189060,60,3151,C,2015,5,24,2015-05-24,64,home,2015-05-24,2022-05-08 05:45:54.299667
474,6836,A00009093,189300,60,3155,C,2014,8,3,2014-08-03,1,home,2014-08-03,2022-05-03 19:55:02.299667
475,6594,A00007824,189696,24,7904,B,2014,9,28,2014-09-28,1,home,2014-09-28,2022-05-04 17:30:26.299667
476,6589,A00007815,189696,24,7904,A,2016,1,1,2016-01-01,1,home,2016-01-01,2022-05-06 17:52:12.299667
477,5293,A00001656,189792,48,3954,C,2018,10,29,2018-10-29,64,home,2018-10-29,2022-05-10 02:24:00.299667
478,5270,A00001528,191088,48,3981,C,2017,7,21,2017-07-21,64,home,2017-07-21,2022-05-09 00:05:26.299667
479,6872,A00009227,191580,60,3193,C,2018,4,29,2018-04-29,1,home,2018-04-29,2022-05-02 13:04:53.299667
480,6545,A00007606,191880,60,3198,C,2015,12,12,2015-12-12,1,home,2015-12-12,2022-05-02 09:19:40.299667
481,5176,A00001106,192552,24,8023,B,2014,11,12,2014-11-12,64,home,2014-11-12,2022-04-30 05:07:08.299667
482,5887,A00004448,192744,36,5354,A,2014,10,3,2014-10-03,1,home,2014-10-03,2022-05-03 20:57:07.299667
483,5886,A00004447,192744,36,5354,C,2016,10,31,2016-10-31,1,home,2016-10-31,2022-05-04 18:19:12.299667
484,6072,A00005256,193968,36,5388,A,2014,5,10,2014-05-10,1,home,2014-05-10,2022-05-04 15:28:27.299667
485,6442,A00007082,194160,48,4045,C,2018,2,8,2018-02-08,1,home,2018-02-08,2022-05-01 02:26:20.299667
486,5281,A00001580,194256,24,8094,C,2017,11,27,2017-11-27,64,home,2017-11-27,2022-05-02 13:01:13.299667
487,7129,A00010404,194280,60,3238,C,2018,3,1,2018-03-01,1,home,2018-03-01,2022-05-04 04:00:42.299667
488,6403,A00006924,194880,48,4060,C,2015,12,5,2015-12-05,1,home,2015-12-05,2022-05-03 15:56:58.299667
489,7036,A00010019,194940,36,5415,C,2016,9,25,2016-09-25,1,home,2016-09-25,2022-05-02 20:20:43.299667
490,6580,A00007769,196080,48,4085,A,2014,5,22,2014-05-22,1,home,2014-05-22,2022-05-01 15:06:25.299667
491,7171,A00010650,196224,48,4088,C,2018,2,24,2018-02-24,1,home,2018-02-24,2022-05-08 13:35:57.299667
492,5072,A00000472,196800,24,8200,D,2017,4,28,2017-04-28,64,home,2017-04-28,2022-05-07 07:15:41.299667
493,7226,A00010940,197748,36,5493,A,2014,2,23,2014-02-23,1,home,2014-02-23,2022-05-02 06:48:47.299667
494,7181,A00010679,197808,24,8242,C,2017,10,2,2017-10-02,1,home,2017-10-02,2022-05-03 00:15:07.299667
495,7166,A00010630,198240,24,8260,A,2015,6,24,2015-06-24,1,home,2015-06-24,2022-05-09 15:22:09.299667
496,5450,A00002345,199680,60,3328,C,2014,12,11,2014-12-11,59,home,2014-12-11,2022-05-03 12:30:37.299667
497,5470,A00002456,200976,48,4187,C,2016,4,15,2016-04-15,59,home,2016-04-15,2022-05-04 21:13:02.299667
498,5312,A00001772,202788,36,5633,C,2016,3,13,2016-03-13,64,home,2016-03-13,2022-05-05 06:17:11.299667
499,6097,A00005362,202848,48,4226,C,2017,8,21,2017-08-21,1,home,2017-08-21,2022-04-30 23:22:55.299667
500,6468,A00007176,203940,60,3399,C,2017,11,30,2017-11-30,1,home,2017-11-30,2022-05-10 16:24:55.299667
501,5160,A00001011,204000,60,3400,C,2015,12,18,2015-12-18,64,home,2015-12-18,2022-05-01 05:21:46.299667
502,5963,A00004746,204780,60,3413,C,2017,9,7,2017-09-07,1,home,2017-09-07,2022-05-08 03:15:09.299667
503,5351,A00001978,205200,36,5700,A,2014,12,4,2014-12-04,59,home,2014-12-04,2022-05-05 15:16:26.299667
504,5674,A00003418,207264,48,4318,C,2017,6,10,2017-06-10,1,home,2017-06-10,2022-05-09 01:23:25.299667
505,5126,A00000790,208128,48,4336,B,2014,7,24,2014-07-24,64,home,2014-07-24,2022-05-08 07:24:54.299667
506,6647,A00008051,208320,48,4340,A,2014,6,1,2014-06-01,1,home,2014-06-01,2022-05-10 11:52:13.299667
507,7168,A00010645,208332,36,5787,C,2018,7,5,2018-07-05,1,home,2018-07-05,2022-05-04 00:14:00.299667
508,5334,A00001876,209040,24,8710,C,2018,9,10,2018-09-10,64,home,2018-09-10,2022-05-03 07:40:59.299667
509,6120,A00005481,209184,48,4358,A,2014,9,11,2014-09-11,1,home,2014-09-11,2022-04-30 00:41:02.299667
510,5086,A00000525,210384,48,4383,C,2017,7,16,2017-07-16,64,home,2017-07-16,2022-05-03 16:42:50.299667
511,7035,A00010005,210744,36,5854,C,2018,7,29,2018-07-29,1,home,2018-07-29,2022-05-02 09:29:50.299667
512,6336,A00006555,212400,36,5900,A,2014,3,31,2014-03-31,1,home,2014-03-31,2022-05-09 02:23:23.299667
513,5823,A00004144,212976,36,5916,C,2018,6,21,2018-06-21,1,home,2018-06-21,2022-05-03 11:20:37.299667
514,5989,A00004852,213300,36,5925,C,2016,3,4,2016-03-04,1,home,2016-03-04,2022-05-06 21:44:19.299667
515,7255,A00011096,213300,60,3555,C,2017,6,9,2017-06-09,1,home,2017-06-09,2022-05-10 21:25:24.299667
516,5369,A00002080,214596,36,5961,C,2017,9,12,2017-09-12,59,home,2017-09-12,2022-05-03 09:15:40.299667
517,6861,A00009179,215040,60,3584,C,2018,2,28,2018-02-28,1,home,2018-02-28,2022-05-02 04:02:29.299667
518,7066,A00010131,215388,36,5983,B,2014,5,2,2014-05-02,1,home,2014-05-02,2022-05-09 22:03:32.299667
519,5128,A00000808,215616,48,4492,D,2016,4,11,2016-04-11,64,home,2016-04-11,2022-05-05 14:07:53.299667
520,7243,A00011042,217152,36,6032,A,2015,12,4,2015-12-04,1,home,2015-12-04,2022-05-09 16:56:38.299667
521,7037,A00010022,218064,48,4543,C,2018,1,3,2018-01-03,1,home,2018-01-03,2022-05-01 05:14:27.299667
522,5973,A00004784,219456,48,4572,C,2017,11,24,2017-11-24,1,home,2017-11-24,2022-05-08 14:25:21.299667
523,6660,A00008094,220428,36,6123,C,2017,5,9,2017-05-09,1,home,2017-05-09,2022-05-01 15:50:38.299667
524,6568,A00007713,220440,60,3674,C,2018,2,25,2018-02-25,1,home,2018-02-25,2022-05-08 16:02:54.299667
525,6715,A00008411,220620,60,3677,C,2016,5,6,2016-05-06,1,home,2016-05-06,2022-05-08 05:11:11.299667
526,5876,A00004413,221280,48,4610,C,2015,2,8,2015-02-08,1,home,2015-02-08,2022-05-06 22:43:37.299667
527,6142,A00005591,221880,60,3698,C,2017,1,21,2017-01-21,1,home,2017-01-21,2022-05-01 22:27:56.299667
528,5625,A00003189,222180,60,3703,D,2016,12,15,2016-12-15,59,home,2016-12-15,2022-05-05 12:38:40.299667
529,6686,A00008260,224604,36,6239,A,2014,8,25,2014-08-25,1,home,2014-08-25,2022-05-04 10:03:34.299667
530,6151,A00005628,225420,60,3757,C,2015,4,25,2015-04-25,1,home,2015-04-25,2022-05-02 14:29:38.299667
531,6932,A00009491,225504,48,4698,C,2018,6,25,2018-06-25,1,home,2018-06-25,2022-05-02 03:31:33.299667
532,6808,A00008982,227880,36,6330,A,2014,10,12,2014-10-12,1,home,2014-10-12,2022-05-06 13:19:00.299667
533,6940,A00009510,228276,36,6341,C,2016,11,22,2016-11-22,1,home,2016-11-22,2022-05-06 06:31:38.299667
534,6738,A00008566,230220,36,6395,B,2014,9,29,2014-09-29,1,home,2014-09-29,2022-04-30 19:31:56.299667
535,5428,A00002262,230220,36,6395,C,2018,12,2,2018-12-02,59,home,2018-12-02,2022-05-09 00:08:28.299667
536,5051,A00000378,230400,60,3840,C,2017,10,11,2017-10-11,70,home,2017-10-11,2022-05-08 10:51:59.299667
537,5520,A00002699,231168,48,4816,C,2018,8,30,2018-08-30,1,home,2018-08-30,2022-05-06 04:09:51.299667
538,7057,A00010093,231696,36,6436,A,2015,10,20,2015-10-20,1,home,2015-10-20,2022-05-03 07:15:36.299667
539,6178,A00005742,232560,48,4845,C,2015,12,16,2015-12-16,1,home,2015-12-16,2022-04-30 19:04:46.299667
540,6173,A00005724,232560,48,4845,C,2017,1,8,2017-01-08,1,home,2017-01-08,2022-05-02 01:37:48.299667
541,7049,A00010063,233424,36,6484,C,2017,6,24,2017-06-24,1,home,2017-06-24,2022-05-08 09:10:29.299667
542,6450,A00007099,234336,48,4882,C,2018,6,10,2018-06-10,1,home,2018-06-10,2022-05-02 22:16:56.299667
543,6675,A00008158,238716,36,6631,C,2017,11,1,2017-11-01,1,home,2017-11-01,2022-05-09 12:33:38.299667
544,7088,A00010233,239160,60,3986,C,2017,5,3,2017-05-03,1,home,2017-05-03,2022-04-30 03:07:55.299667
545,5319,A00001811,239460,60,3991,C,2014,6,23,2014-06-23,64,home,2014-06-23,2022-05-10 05:24:58.299667
546,6083,A00005305,240528,48,5011,C,2018,3,31,2018-03-31,1,home,2018-03-31,2022-05-03 16:45:56.299667
547,6748,A00008645,240900,60,4015,C,2018,12,8,2018-12-08,1,home,2018-12-08,2022-05-03 06:56:21.299667
548,6955,A00009627,244368,48,5091,C,2015,11,22,2015-11-22,1,home,2015-11-22,2022-05-01 01:47:01.299667
549,5837,A00004260,244560,60,4076,C,2014,6,29,2014-06-29,1,home,2014-06-29,2022-05-03 10:17:13.299667
550,6698,A00008327,247728,48,5161,C,2016,3,10,2016-03-10,1,home,2016-03-10,2022-05-07 09:03:30.299667
551,6255,A00006158,247920,48,5165,D,2017,2,8,2017-02-08,1,home,2017-02-08,2022-05-04 19:31:38.299667
552,6254,A00006157,247920,48,5165,C,2017,12,28,2017-12-28,1,home,2017-12-28,2022-04-30 07:21:51.299667
553,5310,A00001762,248148,36,6893,A,2015,4,28,2015-04-28,64,home,2015-04-28,2022-05-08 02:09:33.299667
554,5350,A00001967,249312,48,5194,C,2016,4,21,2016-04-21,59,home,2016-04-21,2022-05-07 12:33:11.299667
555,7164,A00010613,249792,48,5204,C,2018,8,15,2018-08-15,1,home,2018-08-15,2022-05-07 03:41:45.299667
556,5060,A00000426,252060,60,4201,D,2014,7,19,2014-07-19,70,home,2014-07-19,2022-05-04 07:07:08.299667
557,5170,A00001071,253200,60,4220,C,2014,1,20,2014-01-20,64,home,2014-01-20,2022-05-08 07:22:53.299667
558,5169,A00001068,253200,60,4220,C,2018,9,24,2018-09-24,64,home,2018-09-24,2022-05-01 08:38:18.299667
559,5606,A00003084,253512,36,7042,D,2016,8,28,2016-08-28,18,home,2016-08-28,2022-05-01 21:19:03.299667
560,5614,A00003137,253560,60,4226,C,2018,9,21,2018-09-21,18,home,2018-09-21,2022-05-05 00:14:01.299667
561,6012,A00004994,258444,36,7179,C,2016,8,3,2016-08-03,1,home,2016-08-03,2022-05-07 22:52:48.299667
562,7104,A00010320,259740,60,4329,A,2013,12,13,2013-12-13,1,home,2013-12-13,2022-05-01 05:33:07.299667
563,7176,A00010663,260028,36,7223,A,2015,10,28,2015-10-28,1,home,2015-10-28,2022-05-08 06:25:11.299667
564,6655,A00008085,260400,60,4340,D,2017,10,17,2017-10-17,1,home,2017-10-17,2022-04-30 22:15:41.299667
565,7122,A00010365,260640,36,7240,D,2017,1,4,2017-01-04,1,home,2017-01-04,2022-05-01 16:14:21.299667
566,5082,A00000501,262980,60,4383,C,2016,10,24,2016-10-24,64,home,2016-10-24,2022-04-30 15:04:32.299667
567,6725,A00008489,265320,36,7370,A,2015,6,23,2015-06-23,1,home,2015-06-23,2022-05-03 15:07:10.299667
568,4988,A00000103,265320,36,7370,D,2017,12,6,2017-12-06,1,home,2017-12-06,2022-05-07 19:47:54.299667
569,6712,A00008405,266220,60,4437,C,2015,10,14,2015-10-14,1,home,2015-10-14,2022-05-01 04:17:00.299667
570,7147,A00010478,267600,48,5575,C,2018,1,2,2018-01-02,1,home,2018-01-02,2022-05-10 09:59:55.299667
571,5556,A00002872,268320,60,4472,C,2017,5,19,2017-05-19,25,home,2017-05-19,2022-05-01 04:22:01.299667
572,7167,A00010644,269964,36,7499,C,2018,6,18,2018-06-18,1,home,2018-06-18,2022-04-30 17:37:48.299667
573,6296,A00006358,270384,48,5633,C,2016,8,6,2016-08-06,1,home,2016-08-06,2022-05-10 03:14:01.299667
574,6244,A00006118,270648,36,7518,B,2015,1,8,2015-01-08,1,home,2015-01-08,2022-05-05 13:49:58.299667
575,5365,A00002055,271260,60,4521,C,2018,7,19,2018-07-19,59,home,2018-07-19,2022-04-30 04:01:03.299667
576,5719,A00003664,271584,48,5658,C,2017,9,20,2017-09-20,1,home,2017-09-20,2022-05-08 12:53:45.299667
577,6851,A00009138,272220,60,4537,D,2017,6,3,2017-06-03,1,home,2017-06-03,2022-04-30 18:39:10.299667
578,6859,A00009167,272220,60,4537,C,2018,3,7,2018-03-07,1,home,2018-03-07,2022-05-05 06:52:53.299667
579,5568,A00002933,272520,60,4542,C,2014,5,17,2014-05-17,18,home,2014-05-17,2022-05-10 09:05:06.299667
580,7240,A00011013,274740,60,4579,A,2013,9,6,2013-09-06,1,home,2013-09-06,2022-05-05 20:55:25.299667
581,5644,A00003293,276084,36,7669,C,2018,11,27,2018-11-27,59,home,2018-11-27,2022-05-04 23:50:02.299667
582,6073,A00005263,276300,60,4605,C,2016,11,12,2016-11-12,1,home,2016-11-12,2022-05-01 20:39:14.299667
583,6232,A00006051,276660,36,7685,B,2014,7,8,2014-07-08,1,home,2014-07-08,2022-05-09 06:46:33.299667
584,5593,A00003037,277884,36,7719,D,2016,4,18,2016-04-18,18,home,2016-04-18,2022-05-10 10:53:37.299667
585,6962,A00009646,279072,48,5814,C,2018,4,2,2018-04-02,1,home,2018-04-02,2022-04-30 02:41:02.299667
586,7295,A00011328,280440,60,4674,C,2018,7,18,2018-07-18,1,home,2018-07-18,2022-05-03 11:57:44.299667
587,5148,A00000940,284280,60,4738,C,2016,5,29,2016-05-29,64,home,2016-05-29,2022-05-01 19:19:57.299667
588,6877,A00009241,285240,60,4754,C,2017,6,19,2017-06-19,1,home,2017-06-19,2022-04-30 08:57:47.299667
589,6153,A00005632,285600,60,4760,C,2015,7,25,2015-07-25,1,home,2015-07-25,2022-05-03 16:37:32.299667
590,6736,A00008558,288360,60,4806,C,2014,6,14,2014-06-14,1,home,2014-06-14,2022-04-30 18:20:43.299667
591,6526,A00007523,288468,36,8013,A,2015,1,3,2015-01-03,1,home,2015-01-03,2022-05-10 08:03:57.299667
592,6435,A00007045,288720,48,6015,C,2017,6,16,2017-06-16,1,home,2017-06-16,2022-05-08 04:51:54.299667
593,6007,A00004949,289920,48,6040,C,2017,8,30,2017-08-30,1,home,2017-08-30,2022-05-06 03:44:04.299667
594,6175,A00005735,290700,60,4845,D,2016,2,21,2016-02-21,1,home,2016-02-21,2022-05-05 12:47:28.299667
595,5354,A00002000,290820,60,4847,C,2018,7,14,2018-07-14,59,home,2018-07-14,2022-05-02 22:05:01.299667
596,5469,A00002445,293160,60,4886,C,2017,12,26,2017-12-26,59,home,2017-12-26,2022-04-30 03:08:04.299667
597,5363,A00002051,293880,60,4898,D,2017,4,22,2017-04-22,59,home,2017-04-22,2022-05-07 01:15:55.299667
598,6350,A00006678,294384,48,6133,C,2017,7,9,2017-07-09,1,home,2017-07-09,2022-05-08 07:36:34.299667
599,5395,A00002176,299088,36,8308,B,2014,7,30,2014-07-30,59,home,2014-07-30,2022-05-07 16:46:34.299667
600,5918,A00004576,300204,36,8339,A,2014,6,4,2014-06-04,1,home,2014-06-04,2022-05-06 19:19:00.299667
601,7001,A00009859,300600,60,5010,C,2017,8,10,2017-08-10,1,home,2017-08-10,2022-05-05 17:35:52.299667
602,6087,A00005313,300660,60,5011,C,2014,2,27,2014-02-27,1,home,2014-02-27,2022-05-03 03:10:06.299667
603,7085,A00010202,305424,48,6363,C,2017,6,19,2017-06-19,1,home,2017-06-19,2022-05-07 19:20:36.299667
604,5758,A00003859,307200,60,5120,D,2017,5,2,2017-05-02,1,home,2017-05-02,2022-05-10 11:19:44.299667
605,5145,A00000915,309552,48,6449,C,2015,9,16,2015-09-16,64,home,2015-09-16,2022-04-30 04:01:50.299667
606,6540,A00007562,309600,48,6450,C,2015,12,31,2015-12-31,1,home,2015-12-31,2022-04-30 05:02:09.299667
607,6695,A00008320,309660,60,5161,C,2017,6,4,2017-06-04,1,home,2017-06-04,2022-05-04 06:59:15.299667
608,7050,A00010065,311232,48,6484,C,2017,9,23,2017-09-23,1,home,2017-09-23,2022-05-01 22:11:48.299667
609,7227,A00010942,314520,60,5242,C,2015,10,2,2015-10-02,1,home,2015-10-02,2022-05-08 14:59:54.299667
610,5435,A00002279,314688,48,6556,C,2018,6,1,2018-06-01,59,home,2018-06-01,2022-05-07 15:04:34.299667
611,5724,A00003678,316140,60,5269,D,2015,2,5,2015-02-05,1,home,2015-02-05,2022-05-04 12:38:22.299667
612,7292,A00011317,317460,60,5291,C,2018,11,22,2018-11-22,1,home,2018-11-22,2022-05-05 21:03:38.299667
613,6028,A00005072,317520,60,5292,C,2017,2,9,2017-02-09,1,home,2017-02-09,2022-04-30 06:46:59.299667
614,4967,A00000037,318480,60,5308,D,2018,10,14,2018-10-14,1,home,2018-10-14,2022-05-10 14:46:07.299667
615,6550,A00007614,320592,48,6679,C,2016,5,18,2016-05-18,1,home,2016-05-18,2022-05-05 18:17:02.299667
616,6063,A00005213,320976,48,6687,D,2016,4,25,2016-04-25,1,home,2016-04-25,2022-05-05 16:29:32.299667
617,5611,A00003115,321180,60,5353,C,2016,11,15,2016-11-15,18,home,2016-11-15,2022-05-10 09:34:12.299667
618,5889,A00004456,321240,60,5354,C,2018,2,9,2018-02-09,1,home,2018-02-09,2022-05-08 14:37:44.299667
619,6235,A00006062,321360,60,5356,C,2018,4,19,2018-04-19,1,home,2018-04-19,2022-05-10 19:27:50.299667
620,6821,A00009037,321936,48,6707,C,2018,9,15,2018-09-15,1,home,2018-09-15,2022-05-02 00:43:19.299667
621,6038,A00005120,323472,48,6739,A,2014,8,10,2014-08-10,1,home,2014-08-10,2022-05-01 19:52:07.299667
622,5865,A00004354,327660,60,5461,C,2018,10,30,2018-10-30,1,home,2018-10-30,2022-05-09 01:15:29.299667
623,7004,A00009869,331560,60,5526,C,2015,3,15,2015-03-15,1,home,2015-03-15,2022-05-05 02:25:57.299667
624,5042,A00000330,331584,48,6908,C,2018,7,12,2018-07-12,70,home,2018-07-12,2022-05-08 19:31:44.299667
625,6705,A00008381,333648,48,6951,D,2017,7,25,2017-07-25,1,home,2017-07-25,2022-05-07 19:46:58.299667
626,5772,A00003906,334620,60,5577,C,2018,3,8,2018-03-08,1,home,2018-03-08,2022-05-03 03:43:37.299667
627,5991,A00004858,335184,48,6983,D,2018,7,27,2018-07-27,1,home,2018-07-27,2022-04-30 02:31:05.299667
628,5532,A00002754,335280,48,6985,C,2017,5,4,2017-05-04,29,home,2017-05-04,2022-05-05 08:08:43.299667
629,7195,A00010774,339168,48,7066,C,2018,4,23,2018-04-23,1,home,2018-04-23,2022-05-10 21:08:32.299667
630,6938,A00009504,341280,60,5688,C,2017,3,10,2017-03-10,1,home,2017-03-10,2022-05-09 20:20:24.299667
631,5418,A00002245,347952,48,7249,C,2015,1,16,2015-01-16,59,home,2015-01-16,2022-05-09 15:28:03.299667
632,7100,A00010280,348120,60,5802,C,2017,12,31,2017-12-31,1,home,2017-12-31,2022-05-04 18:28:53.299667
633,6118,A00005477,349392,48,7279,C,2017,10,4,2017-10-04,1,home,2017-10-04,2022-05-05 16:32:58.299667
634,4989,A00000105,352704,48,7348,C,2018,12,5,2018-12-05,1,home,2018-12-05,2022-05-02 11:51:20.299667
635,5063,A00000442,357840,48,7455,D,2017,7,10,2017-07-10,70,home,2017-07-10,2022-05-04 16:26:43.299667
636,6006,A00004948,359760,60,5996,C,2016,11,15,2016-11-15,1,home,2016-11-15,2022-05-06 07:18:50.299667
637,5494,A00002572,360000,48,7500,C,2016,6,13,2016-06-13,46,home,2016-06-13,2022-05-09 12:49:08.299667
638,6239,A00006083,360864,48,7518,D,2017,9,28,2017-09-28,1,home,2017-09-28,2022-05-09 05:16:27.299667
639,6109,A00005422,368880,60,6148,C,2016,6,3,2016-06-03,1,home,2016-06-03,2022-05-02 07:17:29.299667
640,5041,A00000319,369000,60,6150,C,2017,7,11,2017-07-11,70,home,2017-07-11,2022-05-06 13:58:05.299667
641,6585,A00007795,372120,60,6202,C,2016,10,29,2016-10-29,1,home,2016-10-29,2022-04-30 08:01:43.299667
642,6926,A00009455,374760,60,6246,C,2018,2,7,2018-02-07,1,home,2018-02-07,2022-05-04 11:33:50.299667
643,5563,A00002912,380160,60,6336,C,2016,2,29,2016-02-29,18,home,2016-02-29,2022-04-30 14:33:47.299667
644,5174,A00001093,385104,48,8023,C,2017,6,13,2017-06-13,64,home,2017-06-13,2022-05-10 01:27:45.299667
645,7209,A00010857,385560,60,6426,D,2017,11,30,2017-11-30,1,home,2017-11-30,2022-05-04 18:25:52.299667
646,5318,A00001808,385584,48,8033,C,2018,9,30,2018-09-30,64,home,2018-09-30,2022-05-05 11:54:43.299667
647,5282,A00001583,388512,48,8094,D,2016,8,24,2016-08-24,64,home,2016-08-24,2022-05-02 10:06:42.299667
648,5236,A00001374,389136,48,8107,C,2017,9,15,2017-09-15,64,home,2017-09-15,2022-05-09 19:50:42.299667
649,5589,A00003005,390000,48,8125,C,2018,6,5,2018-06-05,18,home,2018-06-05,2022-05-01 05:56:53.299667
650,6554,A00007637,390096,48,8127,C,2017,1,29,2017-01-29,1,home,2017-01-29,2022-05-07 01:45:31.299667
651,6338,A00006592,390660,60,6511,C,2017,8,24,2017-08-24,1,home,2017-08-24,2022-05-04 19:12:38.299667
652,7271,A00011186,392460,60,6541,C,2016,10,2,2016-10-02,1,home,2016-10-02,2022-05-05 05:33:34.299667
653,5329,A00001862,396120,60,6602,C,2016,10,16,2016-10-16,64,home,2016-10-16,2022-05-08 14:05:46.299667
654,6272,A00006226,398640,60,6644,C,2014,12,20,2014-12-20,1,home,2014-12-20,2022-05-02 17:09:23.299667
655,6055,A00005181,399120,60,6652,C,2017,4,28,2017-04-28,1,home,2017-04-28,2022-05-08 02:27:43.299667
656,5938,A00004650,402000,60,6700,C,2016,8,25,2016-08-25,1,home,2016-08-25,2022-05-10 14:41:14.299667
657,5830,A00004190,405780,60,6763,C,2017,8,28,2017-08-28,1,home,2017-08-28,2022-05-05 09:29:07.299667
658,6237,A00006075,407952,48,8499,D,2018,1,6,2018-01-06,1,home,2018-01-06,2022-05-08 13:32:44.299667
659,5419,A00002246,415800,60,6930,C,2017,2,5,2017-02-05,59,home,2017-02-05,2022-05-03 04:43:23.299667
660,6704,A00008377,417060,60,6951,C,2015,6,1,2015-06-01,1,home,2015-06-01,2022-05-08 22:07:00.299667
661,7154,A00010520,417600,60,6960,C,2016,12,5,2016-12-05,1,home,2016-12-05,2022-05-06 10:23:44.299667
662,7304,A00011349,419880,60,6998,C,2015,10,29,2015-10-29,1,home,2015-10-29,2022-05-05 00:30:17.299667
663,7101,A00010297,421008,48,8771,C,2016,11,18,2016-11-18,1,home,2016-11-18,2022-05-01 15:07:36.299667
664,5491,A00002545,428784,48,8933,C,2018,2,13,2018-02-13,46,home,2018-02-13,2022-05-02 04:54:09.299667
665,5561,A00002910,437460,60,7291,C,2018,8,29,2018-08-29,18,home,2018-08-29,2022-05-10 12:18:35.299667
666,5725,A00003679,444864,48,9268,C,2016,7,23,2016-07-23,1,home,2016-07-23,2022-05-01 16:14:03.299667
667,5731,A00003711,460980,60,7683,D,2017,11,5,2017-11-05,1,home,2017-11-05,2022-05-08 03:27:34.299667
668,6228,A00006034,464520,60,7742,B,2013,12,1,2013-12-01,1,home,2013-12-01,2022-04-30 22:45:19.299667
669,5970,A00004774,465072,48,9689,C,2015,7,9,2015-07-09,1,home,2015-07-09,2022-04-30 09:17:40.299667
670,5976,A00004794,465504,48,9698,D,2017,12,27,2017-12-27,1,home,2017-12-27,2022-05-06 07:28:04.299667
671,5486,A00002516,466608,48,9721,C,2017,6,13,2017-06-13,46,home,2017-06-13,2022-05-03 14:13:51.299667
672,5043,A00000339,468060,60,7801,C,2017,12,25,2017-12-25,70,home,2017-12-25,2022-05-01 01:49:45.299667
673,6625,A00007966,473280,60,7888,D,2017,9,7,2017-09-07,1,home,2017-09-07,2022-05-06 04:56:26.299667
674,6415,A00006950,475680,48,9910,C,2017,2,12,2017-02-12,1,home,2017-02-12,2022-05-02 16:39:37.299667
675,7142,A00010451,482940,60,8049,D,2014,12,19,2014-12-19,1,home,2014-12-19,2022-05-08 14:04:37.299667
676,6436,A00007049,495180,60,8253,C,2018,5,22,2018-05-22,1,home,2018-05-22,2022-05-04 00:10:18.299667
677,5569,A00002936,504000,60,8400,C,2018,1,20,2018-01-20,18,home,2018-01-20,2022-05-05 17:58:31.299667
678,5132,A00000817,538500,60,8975,C,2015,2,17,2015-02-17,64,home,2015-02-17,2022-05-07 08:50:43.299667
679,5447,A00002335,541200,60,9020,D,2017,11,12,2017-11-12,59,home,2017-11-12,2022-05-01 20:59:43.299667
680,6791,A00008926,566640,60,9444,C,2018,1,23,2018-01-23,1,home,2018-01-23,2022-05-07 17:49:47.299667
681,6534,A00007542,590820,60,9847,C,2017,10,19,2017-10-19,1,home,2017-10-19,2022-04-30 09:52:52.299667
