,card_id,disp_id,type,year,month,day,fulldate,date,event_timestamp
0,V00001005,D00009285,VISA Signature,2013,11,7,2013-11-07,2013-11-07,2022-06-15 07:22:59.777793
1,V00000104,D00000588,VISA Signature,2014,1,19,2014-01-19,2014-01-19,2022-06-16 14:23:09.777793
2,V00000747,D00004915,VISA Signature,2014,2,5,2014-02-05,2014-02-05,2022-06-09 13:34:54.777793
3,V00000070,D00000439,VISA Signature,2014,2,8,2014-02-08,2014-02-08,2022-06-11 17:10:25.777793
4,V00000577,D00003687,VISA Signature,2014,2,15,2014-02-15,2014-02-15,2022-06-13 13:17:34.777793
5,V00000377,D00002429,VISA Signature,2014,3,3,2014-03-03,2014-03-03,2022-06-09 00:27:48.777793
6,V00000721,D00004680,VISA Standard,2014,4,5,2014-04-05,2014-04-05,2022-06-12 15:00:27.777793
7,V00000437,D00002762,VISA Signature,2014,6,1,2014-06-01,2014-06-01,2022-06-15 04:59:27.777793
8,V00000188,D00001146,VISA Signature,2014,6,19,2014-06-19,2014-06-19,2022-06-09 19:41:38.777793
9,V00000013,D00000087,VISA Signature,2014,6,29,2014-06-29,2014-06-29,2022-06-07 11:06:11.777793
10,V00000732,D00004763,VISA Signature,2014,7,21,2014-07-21,2014-07-21,2022-06-12 23:48:44.777793
11,V00000181,D00001066,VISA Signature,2014,8,19,2014-08-19,2014-08-19,2022-06-14 06:15:30.777793
12,V00000384,D00002475,VISA Standard,2014,9,15,2014-09-15,2014-09-15,2022-06-07 13:16:54.777793
13,V00000309,D00001946,VISA Signature,2014,9,19,2014-09-19,2014-09-19,2022-06-16 07:15:29.777793
14,V00000478,D00003084,VISA Signature,2014,10,9,2014-10-09,2014-10-09,2022-06-12 02:29:44.777793
15,V00000563,D00003589,VISA Signature,2014,10,21,2014-10-21,2014-10-21,2022-06-16 15:04:38.777793
16,V00000369,D00002363,VISA Signature,2014,11,8,2014-11-08,2014-11-08,2022-06-17 03:58:17.777793
17,V00000376,D00002428,VISA Signature,2014,11,10,2014-11-10,2014-11-10,2022-06-07 11:41:09.777793
18,V00000483,D00003115,VISA Signature,2014,11,24,2014-11-24,2014-11-24,2022-06-15 20:23:43.777793
19,V00000174,D00001039,VISA Standard,2014,12,4,2014-12-04,2014-12-04,2022-06-13 10:56:04.777793
20,V00000658,D00004251,VISA Signature,2014,12,25,2014-12-25,2014-12-25,2022-06-15 03:21:35.777793
21,V00000763,D00005138,VISA Standard,2014,12,30,2014-12-30,2014-12-30,2022-06-17 12:40:10.777793
22,V00000778,D00005275,VISA Signature,2015,1,2,2015-01-02,2015-01-02,2022-06-07 20:05:35.777793
23,V00001039,D00009837,VISA Signature,2015,1,7,2015-01-07,2015-01-07,2022-06-08 19:38:13.777793
24,V00000477,D00003082,VISA Standard,2015,1,16,2015-01-16,2015-01-16,2022-06-13 05:30:14.777793
25,V00000168,D00001018,VISA Signature,2015,1,24,2015-01-24,2015-01-24,2022-06-16 08:05:05.777793
26,V00000314,D00001999,VISA Standard,2015,1,27,2015-01-27,2015-01-27,2022-06-11 05:22:41.777793
27,V00000468,D00003023,VISA Signature,2015,1,30,2015-01-30,2015-01-30,2022-06-08 18:31:31.777793
28,V00000208,D00001246,VISA Infinite,2015,2,8,2015-02-08,2015-02-08,2022-06-07 12:55:16.777793
29,V00000766,D00005200,VISA Signature,2015,2,11,2015-02-11,2015-02-11,2022-06-16 15:55:19.777793
30,V00000464,D00002984,VISA Signature,2015,2,21,2015-02-21,2015-02-21,2022-06-14 21:09:48.777793
31,V00000497,D00003184,VISA Signature,2015,3,3,2015-03-03,2015-03-03,2022-06-17 04:33:43.777793
32,V00000166,D00000999,VISA Signature,2015,3,5,2015-03-05,2015-03-05,2022-06-16 10:37:31.777793
33,V00000015,D00000114,VISA Signature,2015,3,5,2015-03-05,2015-03-05,2022-06-15 21:03:45.777793
34,V00000503,D00003225,VISA Signature,2015,3,8,2015-03-08,2015-03-08,2022-06-13 19:56:10.777793
35,V00001038,D00009787,VISA Standard,2015,3,30,2015-03-30,2015-03-30,2022-06-09 18:37:47.777793
36,V00000737,D00004791,VISA Signature,2015,4,13,2015-04-13,2015-04-13,2022-06-10 03:42:57.777793
37,V00000418,D00002623,VISA Signature,2015,4,14,2015-04-14,2015-04-14,2022-06-17 06:58:14.777793
38,V00000759,D00005117,VISA Standard,2015,4,18,2015-04-18,2015-04-18,2022-06-11 19:30:40.777793
39,V00000223,D00001353,VISA Signature,2015,4,18,2015-04-18,2015-04-18,2022-06-10 20:15:38.777793
40,V00000005,D00000051,VISA Standard,2015,4,24,2015-04-24,2015-04-24,2022-06-15 05:12:39.777793
41,V00000159,D00000946,VISA Signature,2015,5,1,2015-05-01,2015-05-01,2022-06-08 08:37:27.777793
42,V00001223,D00013231,VISA Standard,2015,5,2,2015-05-02,2015-05-02,2022-06-13 23:44:36.777793
43,V00000662,D00004293,VISA Signature,2015,5,9,2015-05-09,2015-05-09,2022-06-15 13:47:13.777793
44,V00000779,D00005323,VISA Standard,2015,5,21,2015-05-21,2015-05-21,2022-06-09 23:23:15.777793
45,V00001040,D00009890,VISA Standard,2015,5,28,2015-05-28,2015-05-28,2022-06-16 04:24:53.777793
46,V00000545,D00003458,VISA Signature,2015,5,30,2015-05-30,2015-05-30,2022-06-11 02:58:58.777793
47,V00000467,D00003019,VISA Signature,2015,6,5,2015-06-05,2015-06-05,2022-06-12 17:18:06.777793
48,V00001247,D00013660,VISA Signature,2015,6,13,2015-06-13,2015-06-13,2022-06-15 13:27:56.777793
49,V00000652,D00004211,VISA Signature,2015,6,16,2015-06-16,2015-06-16,2022-06-13 10:00:36.777793
50,V00000559,D00003573,VISA Signature,2015,6,17,2015-06-17,2015-06-17,2022-06-10 06:16:53.777793
51,V00000719,D00004663,VISA Signature,2015,6,24,2015-06-24,2015-06-24,2022-06-11 00:20:29.777793
52,V00000397,D00002513,VISA Signature,2015,6,24,2015-06-24,2015-06-24,2022-06-16 10:42:38.777793
53,V00000107,D00000593,VISA Signature,2015,6,27,2015-06-27,2015-06-27,2022-06-08 09:00:07.777793
54,V00000661,D00004270,VISA Signature,2015,7,3,2015-07-03,2015-07-03,2022-06-14 10:18:53.777793
55,V00000484,D00003116,VISA Signature,2015,7,4,2015-07-04,2015-07-04,2022-06-08 01:25:07.777793
56,V00000501,D00003197,VISA Signature,2015,7,9,2015-07-09,2015-07-09,2022-06-16 01:01:09.777793
57,V00000422,D00002650,VISA Standard,2015,7,11,2015-07-11,2015-07-11,2022-06-09 13:25:17.777793
58,V00000705,D00004555,VISA Signature,2015,7,12,2015-07-12,2015-07-12,2022-06-14 20:07:10.777793
59,V00000410,D00002569,VISA Signature,2015,7,20,2015-07-20,2015-07-20,2022-06-11 22:42:04.777793
60,V00000136,D00000778,VISA Signature,2015,7,28,2015-07-28,2015-07-28,2022-06-07 06:46:55.777793
61,V00000592,D00003782,VISA Standard,2015,8,7,2015-08-07,2015-08-07,2022-06-16 23:22:59.777793
62,V00000262,D00001647,VISA Standard,2015,8,24,2015-08-24,2015-08-24,2022-06-13 03:53:44.777793
63,V00000018,D00000128,VISA Signature,2015,8,25,2015-08-25,2015-08-25,2022-06-07 08:00:17.777793
64,V00000003,D00000041,VISA Infinite,2015,9,3,2015-09-03,2015-09-03,2022-06-13 06:48:57.777793
65,V00000098,D00000537,VISA Signature,2015,9,6,2015-09-06,2015-09-06,2022-06-07 01:46:01.777793
66,V00000167,D00001011,VISA Signature,2015,9,15,2015-09-15,2015-09-15,2022-06-14 04:44:36.777793
67,V00000097,D00000531,VISA Standard,2015,9,19,2015-09-19,2015-09-19,2022-06-14 19:23:01.777793
68,V00000699,D00004532,VISA Signature,2015,9,26,2015-09-26,2015-09-26,2022-06-16 08:00:41.777793
69,V00000342,D00002157,VISA Signature,2015,9,27,2015-09-27,2015-09-27,2022-06-17 17:33:04.777793
70,V00000713,D00004627,VISA Signature,2015,9,30,2015-09-30,2015-09-30,2022-06-16 17:15:31.777793
71,V00000118,D00000652,VISA Signature,2015,10,22,2015-10-22,2015-10-22,2022-06-17 19:25:48.777793
72,V00000783,D00005433,VISA Standard,2015,10,24,2015-10-24,2015-10-24,2022-06-12 05:20:54.777793
73,V00001103,D00011189,VISA Signature,2015,11,4,2015-11-04,2015-11-04,2022-06-10 08:13:22.777793
74,V00000504,D00003230,VISA Standard,2015,11,6,2015-11-06,2015-11-06,2022-06-08 17:59:25.777793
75,V00000261,D00001629,VISA Infinite,2015,11,9,2015-11-09,2015-11-09,2022-06-12 23:20:50.777793
76,V00000296,D00001876,VISA Infinite,2015,11,13,2015-11-13,2015-11-13,2022-06-10 12:20:45.777793
77,V00000113,D00000629,VISA Standard,2015,11,16,2015-11-16,2015-11-16,2022-06-09 22:16:15.777793
78,V00000092,D00000508,VISA Signature,2015,11,20,2015-11-20,2015-11-20,2022-06-08 23:00:40.777793
79,V00001225,D00013268,VISA Signature,2015,11,22,2015-11-22,2015-11-22,2022-06-09 08:52:25.777793
80,V00000393,D00002498,VISA Standard,2015,12,3,2015-12-03,2015-12-03,2022-06-07 02:15:51.777793
81,V00000695,D00004507,VISA Signature,2015,12,15,2015-12-15,2015-12-15,2022-06-13 03:59:25.777793
82,V00000666,D00004328,VISA Standard,2015,12,25,2015-12-25,2015-12-25,2022-06-08 23:28:08.777793
83,V00000462,D00002978,VISA Signature,2015,12,30,2015-12-30,2015-12-30,2022-06-11 10:18:41.777793
84,V00000085,D00000489,VISA Signature,2015,12,31,2015-12-31,2015-12-31,2022-06-07 14:21:45.777793
85,V00000337,D00002141,VISA Signature,2016,1,1,2016-01-01,2016-01-01,2022-06-09 07:44:16.777793
86,V00000771,D00005233,VISA Signature,2016,1,8,2016-01-08,2016-01-08,2022-06-09 16:54:07.777793
87,V00000379,D00002431,VISA Signature,2016,1,12,2016-01-12,2016-01-12,2022-06-08 03:17:44.777793
88,V00000106,D00000592,VISA Signature,2016,1,14,2016-01-14,2016-01-14,2022-06-11 22:25:49.777793
89,V00000606,D00003883,VISA Signature,2016,1,22,2016-01-22,2016-01-22,2022-06-10 03:54:03.777793
90,V00000427,D00002688,VISA Infinite,2016,1,25,2016-01-25,2016-01-25,2022-06-08 21:04:38.777793
91,V00000202,D00001228,VISA Signature,2016,2,4,2016-02-04,2016-02-04,2022-06-17 07:10:16.777793
92,V00000814,D00005911,VISA Signature,2016,2,15,2016-02-15,2016-02-15,2022-06-08 13:30:34.777793
93,V00001064,D00010328,VISA Signature,2016,2,17,2016-02-17,2016-02-17,2022-06-15 03:11:21.777793
94,V00000014,D00000112,VISA Signature,2016,2,17,2016-02-17,2016-02-17,2022-06-07 06:10:28.777793
95,V00000423,D00002657,VISA Signature,2016,2,19,2016-02-19,2016-02-19,2022-06-10 17:30:05.777793
96,V00000989,D00009119,VISA Signature,2016,2,21,2016-02-21,2016-02-21,2022-06-11 12:53:08.777793
97,V00000364,D00002329,VISA Signature,2016,2,29,2016-02-29,2016-02-29,2022-06-14 07:46:53.777793
98,V00000267,D00001691,VISA Standard,2016,3,9,2016-03-09,2016-03-09,2022-06-12 13:08:23.777793
99,V00000621,D00003970,VISA Standard,2016,3,19,2016-03-19,2016-03-19,2022-06-08 13:55:52.777793
100,V00001139,D00011836,VISA Standard,2016,3,26,2016-03-26,2016-03-26,2022-06-08 20:35:10.777793
101,V00000725,D00004715,VISA Standard,2016,3,30,2016-03-30,2016-03-30,2022-06-14 05:43:31.777793
102,V00000150,D00000859,VISA Signature,2016,3,30,2016-03-30,2016-03-30,2022-06-14 07:56:02.777793
103,V00000302,D00001900,VISA Signature,2016,3,31,2016-03-31,2016-03-31,2022-06-11 07:07:30.777793
104,V00000372,D00002395,VISA Signature,2016,3,31,2016-03-31,2016-03-31,2022-06-14 19:47:38.777793
105,V00000499,D00003187,VISA Signature,2016,4,3,2016-04-03,2016-04-03,2022-06-08 22:14:57.777793
106,V00000229,D00001384,VISA Signature,2016,4,5,2016-04-05,2016-04-05,2022-06-12 19:34:21.777793
107,V00000289,D00001831,VISA Standard,2016,4,8,2016-04-08,2016-04-08,2022-06-15 09:23:56.777793
108,V00001100,D00011101,VISA Standard,2016,4,10,2016-04-10,2016-04-10,2022-06-13 12:24:24.777793
109,V00000037,D00000238,VISA Signature,2016,4,20,2016-04-20,2016-04-20,2022-06-13 23:15:47.777793
110,V00000286,D00001812,VISA Infinite,2016,4,21,2016-04-21,2016-04-21,2022-06-08 07:50:37.777793
111,V00000157,D00000907,VISA Signature,2016,4,24,2016-04-24,2016-04-24,2022-06-09 15:09:27.777793
112,V00000216,D00001310,VISA Standard,2016,4,24,2016-04-24,2016-04-24,2022-06-07 10:58:15.777793
113,V00000977,D00008968,VISA Signature,2016,5,8,2016-05-08,2016-05-08,2022-06-10 04:52:49.777793
114,V00000183,D00001080,VISA Signature,2016,5,8,2016-05-08,2016-05-08,2022-06-12 17:03:21.777793
115,V00000945,D00008342,VISA Standard,2016,5,9,2016-05-09,2016-05-09,2022-06-17 03:15:21.777793
116,V00000044,D00000268,VISA Standard,2016,5,17,2016-05-17,2016-05-17,2022-06-16 03:21:18.777793
117,V00000600,D00003829,VISA Signature,2016,5,20,2016-05-20,2016-05-20,2022-06-11 21:06:38.777793
118,V00000127,D00000714,VISA Signature,2016,5,23,2016-05-23,2016-05-23,2022-06-16 20:49:36.777793
119,V00000764,D00005159,VISA Signature,2016,5,29,2016-05-29,2016-05-29,2022-06-14 16:27:23.777793
120,V00000204,D00001239,VISA Standard,2016,5,30,2016-05-30,2016-05-30,2022-06-17 19:53:01.777793
121,V00001134,D00011742,VISA Signature,2016,5,31,2016-05-31,2016-05-31,2022-06-09 03:09:24.777793
122,V00000312,D00001971,VISA Signature,2016,6,8,2016-06-08,2016-06-08,2022-06-13 08:20:54.777793
123,V00000313,D00001980,VISA Signature,2016,6,17,2016-06-17,2016-06-17,2022-06-10 23:54:15.777793
124,V00000641,D00004116,VISA Signature,2016,6,18,2016-06-18,2016-06-18,2022-06-16 15:10:38.777793
125,V00000731,D00004751,VISA Signature,2016,6,23,2016-06-23,2016-06-23,2022-06-10 01:25:21.777793
126,V00000084,D00000487,VISA Signature,2016,6,26,2016-06-26,2016-06-26,2022-06-15 18:18:56.777793
127,V00000265,D00001680,VISA Signature,2016,6,28,2016-06-28,2016-06-28,2022-06-14 21:16:28.777793
128,V00001176,D00012502,VISA Infinite,2016,7,3,2016-07-03,2016-07-03,2022-06-15 23:42:32.777793
129,V00001233,D00013382,VISA Signature,2016,7,6,2016-07-06,2016-07-06,2022-06-17 04:15:51.777793
130,V00000407,D00002555,VISA Signature,2016,7,11,2016-07-11,2016-07-11,2022-06-17 06:10:59.777793
131,V00000320,D00002045,VISA Signature,2016,7,11,2016-07-11,2016-07-11,2022-06-16 06:02:09.777793
132,V00001187,D00012635,VISA Infinite,2016,7,17,2016-07-17,2016-07-17,2022-06-10 22:09:08.777793
133,V00000121,D00000666,VISA Standard,2016,7,22,2016-07-22,2016-07-22,2022-06-13 10:05:45.777793
134,V00001055,D00010171,VISA Signature,2016,7,24,2016-07-24,2016-07-24,2022-06-10 14:37:07.777793
135,V00000303,D00001912,VISA Signature,2016,8,1,2016-08-01,2016-08-01,2022-06-14 08:49:00.777793
136,V00000651,D00004201,VISA Standard,2016,8,2,2016-08-02,2016-08-02,2022-06-13 11:20:53.777793
137,V00000736,D00004789,VISA Signature,2016,8,3,2016-08-03,2016-08-03,2022-06-11 06:53:55.777793
138,V00000024,D00000153,VISA Standard,2016,8,5,2016-08-05,2016-08-05,2022-06-14 17:52:46.777793
139,V00000587,D00003763,VISA Standard,2016,8,5,2016-08-05,2016-08-05,2022-06-15 08:58:02.777793
140,V00000119,D00000655,VISA Signature,2016,8,8,2016-08-08,2016-08-08,2022-06-14 15:08:23.777793
141,V00000670,D00004343,VISA Signature,2016,8,8,2016-08-08,2016-08-08,2022-06-08 04:31:25.777793
142,V00000227,D00001380,VISA Signature,2016,8,10,2016-08-10,2016-08-10,2022-06-08 19:36:05.777793
143,V00001164,D00012269,VISA Signature,2016,8,12,2016-08-12,2016-08-12,2022-06-12 11:02:45.777793
144,V00001043,D00009974,VISA Standard,2016,8,14,2016-08-14,2016-08-14,2022-06-14 09:13:03.777793
145,V00000278,D00001779,VISA Signature,2016,8,15,2016-08-15,2016-08-15,2022-06-08 00:38:00.777793
146,V00000103,D00000584,VISA Standard,2016,8,17,2016-08-17,2016-08-17,2022-06-07 02:51:23.777793
147,V00000673,D00004353,VISA Standard,2016,8,31,2016-08-31,2016-08-31,2022-06-16 15:09:36.777793
148,V00000038,D00000242,VISA Signature,2016,8,31,2016-08-31,2016-08-31,2022-06-16 05:38:35.777793
149,V00000470,D00003036,VISA Signature,2016,9,2,2016-09-02,2016-09-02,2022-06-11 23:10:46.777793
150,V00000890,D00007422,VISA Signature,2016,9,8,2016-09-08,2016-09-08,2022-06-13 19:43:43.777793
151,V00000514,D00003267,VISA Signature,2016,9,10,2016-09-10,2016-09-10,2022-06-12 21:29:28.777793
152,V00000741,D00004832,VISA Signature,2016,9,11,2016-09-11,2016-09-11,2022-06-07 03:26:30.777793
153,V00000882,D00007195,VISA Signature,2016,9,11,2016-09-11,2016-09-11,2022-06-07 05:54:04.777793
154,V00000012,D00000083,VISA Standard,2016,9,11,2016-09-11,2016-09-11,2022-06-11 00:43:26.777793
155,V00000152,D00000876,VISA Signature,2016,9,16,2016-09-16,2016-09-16,2022-06-10 21:50:08.777793
156,V00000163,D00000984,VISA Signature,2016,9,18,2016-09-18,2016-09-18,2022-06-15 11:53:16.777793
157,V00000708,D00004568,VISA Standard,2016,9,24,2016-09-24,2016-09-24,2022-06-07 14:44:39.777793
158,V00001087,D00010887,VISA Signature,2016,10,6,2016-10-06,2016-10-06,2022-06-16 20:54:44.777793
159,V00000854,D00006753,VISA Signature,2016,10,7,2016-10-07,2016-10-07,2022-06-11 19:29:10.777793
160,V00000601,D00003830,VISA Signature,2016,10,8,2016-10-08,2016-10-08,2022-06-17 05:45:45.777793
161,V00000099,D00000548,VISA Infinite,2016,10,9,2016-10-09,2016-10-09,2022-06-11 00:56:20.777793
162,V00000547,D00003477,VISA Signature,2016,10,11,2016-10-11,2016-10-11,2022-06-12 14:07:58.777793
163,V00000040,D00000255,VISA Signature,2016,10,13,2016-10-13,2016-10-13,2022-06-13 00:48:06.777793
164,V00000220,D00001333,VISA Signature,2016,10,13,2016-10-13,2016-10-13,2022-06-09 20:12:18.777793
165,V00000390,D00002490,VISA Signature,2016,10,14,2016-10-14,2016-10-14,2022-06-14 01:48:43.777793
166,V00000776,D00005263,VISA Signature,2016,10,19,2016-10-19,2016-10-19,2022-06-15 16:34:23.777793
167,V00000197,D00001202,VISA Standard,2016,10,21,2016-10-21,2016-10-21,2022-06-07 00:16:59.777793
168,V00000516,D00003279,VISA Signature,2016,10,25,2016-10-25,2016-10-25,2022-06-09 12:04:54.777793
169,V00000381,D00002440,VISA Signature,2016,10,27,2016-10-27,2016-10-27,2022-06-12 20:56:18.777793
170,V00001010,D00009413,VISA Signature,2016,10,27,2016-10-27,2016-10-27,2022-06-14 13:00:01.777793
171,V00000813,D00005873,VISA Standard,2016,10,28,2016-10-28,2016-10-28,2022-06-09 09:54:30.777793
172,V00000272,D00001754,VISA Standard,2016,10,28,2016-10-28,2016-10-28,2022-06-15 17:58:03.777793
173,V00000772,D00005243,VISA Signature,2016,10,30,2016-10-30,2016-10-30,2022-06-14 14:28:28.777793
174,V00000528,D00003356,VISA Signature,2016,10,31,2016-10-31,2016-10-31,2022-06-14 03:47:39.777793
175,V00001014,D00009452,VISA Signature,2016,11,2,2016-11-02,2016-11-02,2022-06-17 19:10:08.777793
176,V00000087,D00000493,VISA Signature,2016,11,2,2016-11-02,2016-11-02,2022-06-09 13:12:53.777793
177,V00000088,D00000496,VISA Signature,2016,11,4,2016-11-04,2016-11-04,2022-06-17 00:39:04.777793
178,V00000441,D00002785,VISA Signature,2016,11,5,2016-11-05,2016-11-05,2022-06-17 09:21:14.777793
179,V00000562,D00003583,VISA Signature,2016,11,7,2016-11-07,2016-11-07,2022-06-10 08:41:11.777793
180,V00000690,D00004479,VISA Signature,2016,11,7,2016-11-07,2016-11-07,2022-06-17 06:23:26.777793
181,V00000374,D00002423,VISA Signature,2016,11,8,2016-11-08,2016-11-08,2022-06-10 14:32:44.777793
182,V00000057,D00000347,VISA Signature,2016,11,9,2016-11-09,2016-11-09,2022-06-09 04:17:11.777793
183,V00000722,D00004684,VISA Signature,2016,11,14,2016-11-14,2016-11-14,2022-06-13 23:04:12.777793
184,V00000300,D00001890,VISA Signature,2016,11,20,2016-11-20,2016-11-20,2022-06-14 01:44:42.777793
185,V00000117,D00000649,VISA Standard,2016,11,23,2016-11-23,2016-11-23,2022-06-16 18:11:06.777793
186,V00000541,D00003427,VISA Standard,2016,11,26,2016-11-26,2016-11-26,2022-06-14 05:32:15.777793
187,V00000294,D00001861,VISA Signature,2016,12,4,2016-12-04,2016-12-04,2022-06-15 04:33:47.777793
188,V00000010,D00000077,VISA Signature,2016,12,7,2016-12-07,2016-12-07,2022-06-10 05:49:50.777793
189,V00000710,D00004588,VISA Standard,2016,12,10,2016-12-10,2016-12-10,2022-06-08 20:48:06.777793
190,V00000408,D00002560,VISA Signature,2016,12,10,2016-12-10,2016-12-10,2022-06-14 01:58:27.777793
191,V00000363,D00002324,VISA Standard,2016,12,11,2016-12-11,2016-12-11,2022-06-09 07:28:51.777793
192,V00000697,D00004518,VISA Signature,2016,12,11,2016-12-11,2016-12-11,2022-06-09 02:20:39.777793
193,V00000433,D00002724,VISA Signature,2016,12,12,2016-12-12,2016-12-12,2022-06-08 15:15:35.777793
194,V00000642,D00004137,VISA Signature,2016,12,13,2016-12-13,2016-12-13,2022-06-15 23:40:41.777793
195,V00000243,D00001478,VISA Signature,2016,12,13,2016-12-13,2016-12-13,2022-06-12 11:12:05.777793
196,V00000162,D00000967,VISA Standard,2016,12,23,2016-12-23,2016-12-23,2022-06-14 06:44:21.777793
197,V00000594,D00003794,VISA Standard,2016,12,27,2016-12-27,2016-12-27,2022-06-09 07:48:24.777793
198,V00000609,D00003893,VISA Signature,2016,12,29,2016-12-29,2016-12-29,2022-06-10 12:24:56.777793
199,V00001111,D00011288,VISA Signature,2016,12,31,2016-12-31,2016-12-31,2022-06-12 22:31:35.777793
200,V00000786,D00005478,VISA Signature,2016,12,31,2016-12-31,2016-12-31,2022-06-11 03:48:31.777793
201,V00001118,D00011393,VISA Signature,2017,1,2,2017-01-02,2017-01-02,2022-06-08 07:15:04.777793
202,V00000175,D00001040,VISA Signature,2017,1,3,2017-01-03,2017-01-03,2022-06-16 21:03:42.777793
203,V00000565,D00003601,VISA Infinite,2017,1,6,2017-01-06,2017-01-06,2022-06-14 10:57:11.777793
204,V00000714,D00004638,VISA Signature,2017,1,9,2017-01-09,2017-01-09,2022-06-11 20:12:08.777793
205,V00000137,D00000786,VISA Standard,2017,1,10,2017-01-10,2017-01-10,2022-06-17 02:30:18.777793
206,V00000022,D00000138,VISA Signature,2017,1,11,2017-01-11,2017-01-11,2022-06-15 03:23:37.777793
207,V00000325,D00002102,VISA Signature,2017,1,12,2017-01-12,2017-01-12,2022-06-14 14:49:25.777793
208,V00000194,D00001182,VISA Signature,2017,1,13,2017-01-13,2017-01-13,2022-06-08 14:18:40.777793
209,V00000668,D00004340,VISA Signature,2017,1,14,2017-01-14,2017-01-14,2022-06-08 23:11:55.777793
210,V00000706,D00004559,VISA Infinite,2017,1,16,2017-01-16,2017-01-16,2022-06-09 09:04:44.777793
211,V00000850,D00006644,VISA Signature,2017,1,16,2017-01-16,2017-01-16,2022-06-10 05:27:04.777793
212,V00000298,D00001885,VISA Signature,2017,1,17,2017-01-17,2017-01-17,2022-06-16 05:13:44.777793
213,V00000105,D00000590,VISA Signature,2017,1,17,2017-01-17,2017-01-17,2022-06-11 19:54:02.777793
214,V00001036,D00009735,VISA Signature,2017,1,17,2017-01-17,2017-01-17,2022-06-10 12:44:30.777793
215,V00000292,D00001842,VISA Infinite,2017,1,18,2017-01-18,2017-01-18,2022-06-14 12:56:52.777793
216,V00000112,D00000626,VISA Standard,2017,1,19,2017-01-19,2017-01-19,2022-06-08 13:44:48.777793
217,V00000678,D00004405,VISA Infinite,2017,1,20,2017-01-20,2017-01-20,2022-06-13 08:39:36.777793
218,V00001093,D00011011,VISA Signature,2017,1,20,2017-01-20,2017-01-20,2022-06-12 00:45:52.777793
219,V00000681,D00004426,VISA Signature,2017,1,22,2017-01-22,2017-01-22,2022-06-12 21:00:16.777793
220,V00000582,D00003733,VISA Signature,2017,1,22,2017-01-22,2017-01-22,2022-06-14 10:48:31.777793
221,V00000729,D00004740,VISA Standard,2017,1,22,2017-01-22,2017-01-22,2022-06-12 23:04:28.777793
222,V00000054,D00000334,VISA Signature,2017,1,24,2017-01-24,2017-01-24,2022-06-16 01:16:18.777793
223,V00000258,D00001607,VISA Signature,2017,1,26,2017-01-26,2017-01-26,2022-06-11 02:00:26.777793
224,V00000534,D00003387,VISA Signature,2017,1,29,2017-01-29,2017-01-29,2022-06-12 17:02:55.777793
225,V00000667,D00004333,VISA Signature,2017,1,31,2017-01-31,2017-01-31,2022-06-09 18:35:45.777793
226,V00000195,D00001194,VISA Signature,2017,2,3,2017-02-03,2017-02-03,2022-06-09 01:36:33.777793
227,V00000199,D00001213,VISA Signature,2017,2,7,2017-02-07,2017-02-07,2022-06-10 09:22:42.777793
228,V00000490,D00003136,VISA Infinite,2017,2,7,2017-02-07,2017-02-07,2022-06-10 00:45:28.777793
229,V00000347,D00002184,VISA Signature,2017,2,11,2017-02-11,2017-02-11,2022-06-16 00:14:53.777793
230,V00000210,D00001253,VISA Signature,2017,2,16,2017-02-16,2017-02-16,2022-06-07 12:16:14.777793
231,V00000293,D00001850,VISA Signature,2017,2,17,2017-02-17,2017-02-17,2022-06-14 14:23:49.777793
232,V00000189,D00001157,VISA Signature,2017,2,19,2017-02-19,2017-02-19,2022-06-14 11:44:14.777793
233,V00000324,D00002074,VISA Signature,2017,2,19,2017-02-19,2017-02-19,2022-06-16 19:31:39.777793
234,V00000578,D00003689,VISA Standard,2017,2,21,2017-02-21,2017-02-21,2022-06-07 14:30:34.777793
235,V00000266,D00001690,VISA Signature,2017,3,4,2017-03-04,2017-03-04,2022-06-16 03:02:57.777793
236,V00000568,D00003615,VISA Signature,2017,3,5,2017-03-05,2017-03-05,2022-06-11 12:39:35.777793
237,V00000171,D00001027,VISA Signature,2017,3,5,2017-03-05,2017-03-05,2022-06-15 00:40:07.777793
238,V00000679,D00004416,VISA Signature,2017,3,6,2017-03-06,2017-03-06,2022-06-16 23:49:47.777793
239,V00000841,D00006468,VISA Signature,2017,3,6,2017-03-06,2017-03-06,2022-06-15 03:15:28.777793
240,V00000513,D00003260,VISA Signature,2017,3,15,2017-03-15,2017-03-15,2022-06-16 02:35:06.777793
241,V00000647,D00004171,VISA Standard,2017,3,21,2017-03-21,2017-03-21,2022-06-13 09:18:45.777793
242,V00000665,D00004318,VISA Signature,2017,3,24,2017-03-24,2017-03-24,2022-06-15 01:37:27.777793
243,V00000400,D00002529,VISA Signature,2017,4,6,2017-04-06,2017-04-06,2022-06-08 09:53:33.777793
244,V00000617,D00003944,VISA Infinite,2017,4,9,2017-04-09,2017-04-09,2022-06-09 13:58:58.777793
245,V00000709,D00004587,VISA Standard,2017,4,11,2017-04-11,2017-04-11,2022-06-16 03:53:57.777793
246,V00000387,D00002481,VISA Signature,2017,4,18,2017-04-18,2017-04-18,2022-06-07 02:48:05.777793
247,V00000226,D00001378,VISA Signature,2017,4,18,2017-04-18,2017-04-18,2022-06-13 19:23:01.777793
248,V00000350,D00002226,VISA Signature,2017,4,20,2017-04-20,2017-04-20,2022-06-14 05:01:20.777793
249,V00000539,D00003415,VISA Signature,2017,4,23,2017-04-23,2017-04-23,2022-06-17 06:22:30.777793
250,V00000583,D00003735,VISA Signature,2017,4,24,2017-04-24,2017-04-24,2022-06-12 18:51:05.777793
251,V00000576,D00003671,VISA Signature,2017,4,30,2017-04-30,2017-04-30,2022-06-11 01:15:05.777793
252,V00000232,D00001396,VISA Signature,2017,5,1,2017-05-01,2017-05-01,2022-06-08 17:47:17.777793
253,V00000730,D00004749,VISA Signature,2017,5,2,2017-05-02,2017-05-02,2022-06-15 10:16:11.777793
254,V00000616,D00003943,VISA Signature,2017,5,5,2017-05-05,2017-05-05,2022-06-10 14:12:22.777793
255,V00000564,D00003590,VISA Signature,2017,5,6,2017-05-06,2017-05-06,2022-06-10 14:35:09.777793
256,V00000082,D00000474,VISA Signature,2017,5,7,2017-05-07,2017-05-07,2022-06-08 08:34:57.777793
257,V00001173,D00012442,VISA Signature,2017,5,8,2017-05-08,2017-05-08,2022-06-13 13:38:50.777793
258,V00000426,D00002686,VISA Signature,2017,5,9,2017-05-09,2017-05-09,2022-06-16 14:45:08.777793
259,V00000791,D00005521,VISA Signature,2017,5,12,2017-05-12,2017-05-12,2022-06-10 03:01:43.777793
260,V00000572,D00003636,VISA Standard,2017,5,16,2017-05-16,2017-05-16,2022-06-08 01:54:33.777793
261,V00000375,D00002425,VISA Standard,2017,5,17,2017-05-17,2017-05-17,2022-06-14 15:41:22.777793
262,V00000069,D00000438,VISA Signature,2017,5,17,2017-05-17,2017-05-17,2022-06-17 13:35:56.777793
263,V00000607,D00003885,VISA Signature,2017,5,17,2017-05-17,2017-05-17,2022-06-14 19:40:15.777793
264,V00000155,D00000900,VISA Standard,2017,5,17,2017-05-17,2017-05-17,2022-06-07 19:27:49.777793
265,V00000275,D00001762,VISA Signature,2017,5,20,2017-05-20,2017-05-20,2022-06-08 22:48:54.777793
266,V00000847,D00006610,VISA Signature,2017,5,20,2017-05-20,2017-05-20,2022-06-15 11:42:49.777793
267,V00000399,D00002527,VISA Signature,2017,5,22,2017-05-22,2017-05-22,2022-06-16 10:43:25.777793
268,V00000305,D00001914,VISA Signature,2017,5,23,2017-05-23,2017-05-23,2022-06-10 16:59:58.777793
269,V00000430,D00002713,VISA Signature,2017,5,26,2017-05-26,2017-05-26,2022-06-09 00:07:01.777793
270,V00000349,D00002214,VISA Signature,2017,5,26,2017-05-26,2017-05-26,2022-06-16 09:19:54.777793
271,V00000256,D00001583,VISA Signature,2017,5,26,2017-05-26,2017-05-26,2022-06-13 07:51:39.777793
272,V00000050,D00000309,VISA Signature,2017,5,28,2017-05-28,2017-05-28,2022-06-07 06:23:18.777793
273,V00000939,D00008217,VISA Standard,2017,5,29,2017-05-29,2017-05-29,2022-06-17 19:26:35.777793
274,V00000110,D00000608,VISA Signature,2017,5,31,2017-05-31,2017-05-31,2022-06-07 09:29:13.777793
275,V00000184,D00001089,VISA Infinite,2017,6,3,2017-06-03,2017-06-03,2022-06-08 23:28:21.777793
276,V00000090,D00000503,VISA Signature,2017,6,4,2017-06-04,2017-06-04,2022-06-17 00:23:00.777793
277,V00000597,D00003813,VISA Standard,2017,6,6,2017-06-06,2017-06-06,2022-06-10 22:04:04.777793
278,V00000471,D00003037,VISA Signature,2017,6,9,2017-06-09,2017-06-09,2022-06-10 13:47:47.777793
279,V00000494,D00003173,VISA Signature,2017,6,10,2017-06-10,2017-06-10,2022-06-09 14:26:17.777793
280,V00000211,D00001271,VISA Signature,2017,6,10,2017-06-10,2017-06-10,2022-06-15 20:11:32.777793
281,V00000353,D00002259,VISA Signature,2017,6,11,2017-06-11,2017-06-11,2022-06-11 00:02:23.777793
282,V00000213,D00001289,VISA Infinite,2017,6,11,2017-06-11,2017-06-11,2022-06-11 09:20:15.777793
283,V00001009,D00009409,VISA Infinite,2017,6,14,2017-06-14,2017-06-14,2022-06-07 13:13:59.777793
284,V00000297,D00001883,VISA Signature,2017,6,15,2017-06-15,2017-06-15,2022-06-09 05:39:32.777793
285,V00000801,D00005684,VISA Signature,2017,6,15,2017-06-15,2017-06-15,2022-06-14 02:09:24.777793
286,V00000748,D00004923,VISA Signature,2017,6,16,2017-06-16,2017-06-16,2022-06-13 22:22:33.777793
287,V00000133,D00000742,VISA Signature,2017,6,16,2017-06-16,2017-06-16,2022-06-14 18:15:03.777793
288,V00000316,D00002013,VISA Signature,2017,6,17,2017-06-17,2017-06-17,2022-06-14 01:54:33.777793
289,V00000145,D00000819,VISA Signature,2017,6,17,2017-06-17,2017-06-17,2022-06-10 10:39:55.777793
290,V00000270,D00001736,VISA Standard,2017,6,17,2017-06-17,2017-06-17,2022-06-07 08:39:34.777793
291,V00001178,D00012542,VISA Signature,2017,6,19,2017-06-19,2017-06-19,2022-06-09 16:11:18.777793
292,V00000222,D00001345,VISA Signature,2017,6,19,2017-06-19,2017-06-19,2022-06-14 08:38:43.777793
293,V00000241,D00001461,VISA Signature,2017,6,20,2017-06-20,2017-06-20,2022-06-09 07:40:30.777793
294,V00000280,D00001793,VISA Signature,2017,6,22,2017-06-22,2017-06-22,2022-06-16 05:41:32.777793
295,V00000675,D00004376,VISA Signature,2017,6,23,2017-06-23,2017-06-23,2022-06-08 14:06:07.777793
296,V00000108,D00000597,VISA Signature,2017,6,25,2017-06-25,2017-06-25,2022-06-17 04:18:36.777793
297,V00001196,D00012805,VISA Signature,2017,6,27,2017-06-27,2017-06-27,2022-06-17 13:28:13.777793
298,V00000287,D00001819,VISA Standard,2017,6,28,2017-06-28,2017-06-28,2022-06-16 15:25:34.777793
299,V00000443,D00002808,VISA Signature,2017,6,29,2017-06-29,2017-06-29,2022-06-15 18:29:39.777793
300,V00001138,D00011825,VISA Signature,2017,6,29,2017-06-29,2017-06-29,2022-06-16 02:59:31.777793
301,V00000733,D00004764,VISA Standard,2017,6,30,2017-06-30,2017-06-30,2022-06-15 11:40:34.777793
302,V00000311,D00001954,VISA Signature,2017,7,1,2017-07-01,2017-07-01,2022-06-12 15:00:53.777793
303,V00000120,D00000662,VISA Signature,2017,7,3,2017-07-03,2017-07-03,2022-06-10 12:35:22.777793
304,V00000122,D00000667,VISA Standard,2017,7,3,2017-07-03,2017-07-03,2022-06-07 14:11:38.777793
305,V00000476,D00003079,VISA Signature,2017,7,6,2017-07-06,2017-07-06,2022-06-07 05:23:07.777793
306,V00000781,D00005366,VISA Signature,2017,7,7,2017-07-07,2017-07-07,2022-06-11 11:10:30.777793
307,V00000588,D00003765,VISA Signature,2017,7,8,2017-07-08,2017-07-08,2022-06-11 00:39:33.777793
308,V00000403,D00002538,VISA Standard,2017,7,12,2017-07-12,2017-07-12,2022-06-13 17:04:02.777793
309,V00000139,D00000797,VISA Signature,2017,7,14,2017-07-14,2017-07-14,2022-06-11 13:01:56.777793
310,V00000553,D00003522,VISA Signature,2017,7,14,2017-07-14,2017-07-14,2022-06-09 13:00:30.777793
311,V00000625,D00003987,VISA Signature,2017,7,17,2017-07-17,2017-07-17,2022-06-08 12:50:25.777793
312,V00000413,D00002592,VISA Standard,2017,7,20,2017-07-20,2017-07-20,2022-06-10 16:33:25.777793
313,V00000591,D00003779,VISA Signature,2017,7,23,2017-07-23,2017-07-23,2022-06-17 16:37:21.777793
314,V00000694,D00004504,VISA Signature,2017,7,24,2017-07-24,2017-07-24,2022-06-07 20:52:43.777793
315,V00000512,D00003259,VISA Signature,2017,7,24,2017-07-24,2017-07-24,2022-06-13 06:32:49.777793
316,V00001095,D00011023,VISA Infinite,2017,7,28,2017-07-28,2017-07-28,2022-06-17 20:08:42.777793
317,V00001059,D00010235,VISA Signature,2017,7,29,2017-07-29,2017-07-29,2022-06-17 16:41:12.777793
318,V00000075,D00000457,VISA Signature,2017,7,29,2017-07-29,2017-07-29,2022-06-13 01:57:29.777793
319,V00000383,D00002469,VISA Signature,2017,7,30,2017-07-30,2017-07-30,2022-06-16 08:51:27.777793
320,V00000115,D00000638,VISA Signature,2017,7,30,2017-07-30,2017-07-30,2022-06-14 12:39:59.777793
321,V00000884,D00007286,VISA Infinite,2017,7,31,2017-07-31,2017-07-31,2022-06-07 19:30:40.777793
322,V00000454,D00002921,VISA Signature,2017,8,1,2017-08-01,2017-08-01,2022-06-14 11:37:43.777793
323,V00000688,D00004472,VISA Signature,2017,8,1,2017-08-01,2017-08-01,2022-06-08 21:51:17.777793
324,V00000936,D00008030,VISA Signature,2017,8,2,2017-08-02,2017-08-02,2022-06-12 04:49:47.777793
325,V00000663,D00004295,VISA Signature,2017,8,6,2017-08-06,2017-08-06,2022-06-15 18:39:02.777793
326,V00000637,D00004094,VISA Standard,2017,8,6,2017-08-06,2017-08-06,2022-06-10 15:20:45.777793
327,V00000511,D00003257,VISA Standard,2017,8,6,2017-08-06,2017-08-06,2022-06-17 08:16:23.777793
328,V00001220,D00013160,VISA Signature,2017,8,8,2017-08-08,2017-08-08,2022-06-17 04:28:59.777793
329,V00000628,D00004007,VISA Signature,2017,8,11,2017-08-11,2017-08-11,2022-06-11 09:56:28.777793
330,V00000718,D00004660,VISA Signature,2017,8,12,2017-08-12,2017-08-12,2022-06-08 18:06:43.777793
331,V00000238,D00001452,VISA Infinite,2017,8,17,2017-08-17,2017-08-17,2022-06-09 09:16:16.777793
332,V00000546,D00003465,VISA Infinite,2017,8,19,2017-08-19,2017-08-19,2022-06-12 07:26:24.777793
333,V00000660,D00004265,VISA Standard,2017,8,19,2017-08-19,2017-08-19,2022-06-12 15:17:20.777793
334,V00000491,D00003151,VISA Signature,2017,8,21,2017-08-21,2017-08-21,2022-06-07 08:43:05.777793
335,V00000140,D00000798,VISA Signature,2017,8,22,2017-08-22,2017-08-22,2022-06-13 06:23:05.777793
336,V00000502,D00003201,VISA Signature,2017,8,22,2017-08-22,2017-08-22,2022-06-08 09:50:23.777793
337,V00000598,D00003821,VISA Signature,2017,8,23,2017-08-23,2017-08-23,2022-06-13 19:45:09.777793
338,V00000355,D00002267,VISA Signature,2017,8,28,2017-08-28,2017-08-28,2022-06-16 01:04:59.777793
339,V00000043,D00000267,VISA Signature,2017,8,29,2017-08-29,2017-08-29,2022-06-15 05:10:16.777793
340,V00000610,D00003894,VISA Signature,2017,8,29,2017-08-29,2017-08-29,2022-06-14 11:26:15.777793
341,V00000182,D00001067,VISA Infinite,2017,8,31,2017-08-31,2017-08-31,2022-06-16 23:33:01.777793
342,V00000041,D00000256,VISA Signature,2017,8,31,2017-08-31,2017-08-31,2022-06-11 23:17:09.777793
343,V00000091,D00000504,VISA Standard,2017,9,1,2017-09-01,2017-09-01,2022-06-07 15:50:48.777793
344,V00000252,D00001529,VISA Signature,2017,9,2,2017-09-02,2017-09-02,2022-06-10 19:31:08.777793
345,V00000495,D00003181,VISA Signature,2017,9,2,2017-09-02,2017-09-02,2022-06-13 23:06:06.777793
346,V00000259,D00001610,VISA Signature,2017,9,5,2017-09-05,2017-09-05,2022-06-11 00:40:45.777793
347,V00000187,D00001140,VISA Signature,2017,9,7,2017-09-07,2017-09-07,2022-06-17 11:33:27.777793
348,V00000185,D00001098,VISA Signature,2017,9,7,2017-09-07,2017-09-07,2022-06-12 00:32:32.777793
349,V00001025,D00009625,VISA Signature,2017,9,8,2017-09-08,2017-09-08,2022-06-12 15:21:53.777793
350,V00000019,D00000130,VISA Signature,2017,9,9,2017-09-09,2017-09-09,2022-06-09 22:39:54.777793
351,V00000431,D00002715,VISA Infinite,2017,9,12,2017-09-12,2017-09-12,2022-06-07 01:56:26.777793
352,V00000356,D00002268,VISA Signature,2017,9,13,2017-09-13,2017-09-13,2022-06-15 08:30:17.777793
353,V00000767,D00005204,VISA Signature,2017,9,14,2017-09-14,2017-09-14,2022-06-16 11:27:10.777793
354,V00000537,D00003405,VISA Signature,2017,9,15,2017-09-15,2017-09-15,2022-06-14 05:20:03.777793
355,V00000703,D00004546,VISA Signature,2017,9,17,2017-09-17,2017-09-17,2022-06-11 23:42:47.777793
356,V00000671,D00004345,VISA Signature,2017,9,17,2017-09-17,2017-09-17,2022-06-09 00:02:11.777793
357,V00000896,D00007567,VISA Signature,2017,9,18,2017-09-18,2017-09-18,2022-06-10 03:28:05.777793
358,V00000343,D00002164,VISA Signature,2017,9,21,2017-09-21,2017-09-21,2022-06-17 22:20:11.777793
359,V00000279,D00001791,VISA Signature,2017,9,21,2017-09-21,2017-09-21,2022-06-09 04:28:23.777793
360,V00000622,D00003981,VISA Standard,2017,9,22,2017-09-22,2017-09-22,2022-06-17 17:24:17.777793
361,V00000612,D00003906,VISA Signature,2017,9,22,2017-09-22,2017-09-22,2022-06-08 19:14:21.777793
362,V00000206,D00001243,VISA Signature,2017,9,22,2017-09-22,2017-09-22,2022-06-09 12:09:33.777793
363,V00000190,D00001165,VISA Signature,2017,9,23,2017-09-23,2017-09-23,2022-06-11 22:39:12.777793
364,V00001203,D00012893,VISA Signature,2017,9,26,2017-09-26,2017-09-26,2022-06-09 17:28:45.777793
365,V00000234,D00001424,VISA Signature,2017,9,29,2017-09-29,2017-09-29,2022-06-08 02:39:42.777793
366,V00000030,D00000202,VISA Signature,2017,10,1,2017-10-01,2017-10-01,2022-06-13 18:18:56.777793
367,V00000327,D00002117,VISA Signature,2017,10,3,2017-10-03,2017-10-03,2022-06-07 01:47:26.777793
368,V00000049,D00000305,VISA Signature,2017,10,3,2017-10-03,2017-10-03,2022-06-15 21:35:02.777793
369,V00001115,D00011375,VISA Standard,2017,10,3,2017-10-03,2017-10-03,2022-06-14 02:07:33.777793
370,V00000698,D00004522,VISA Infinite,2017,10,7,2017-10-07,2017-10-07,2022-06-07 11:13:13.777793
371,V00000874,D00007127,VISA Infinite,2017,10,7,2017-10-07,2017-10-07,2022-06-07 21:33:04.777793
372,V00000247,D00001500,VISA Standard,2017,10,8,2017-10-08,2017-10-08,2022-06-13 12:59:07.777793
373,V00000656,D00004235,VISA Signature,2017,10,8,2017-10-08,2017-10-08,2022-06-10 19:47:10.777793
374,V00000436,D00002759,VISA Signature,2017,10,9,2017-10-09,2017-10-09,2022-06-07 11:08:04.777793
375,V00000124,D00000688,VISA Signature,2017,10,10,2017-10-10,2017-10-10,2022-06-10 02:51:02.777793
376,V00000633,D00004078,VISA Signature,2017,10,12,2017-10-12,2017-10-12,2022-06-10 07:14:30.777793
377,V00000428,D00002698,VISA Signature,2017,10,13,2017-10-13,2017-10-13,2022-06-14 15:03:02.777793
378,V00000638,D00004100,VISA Infinite,2017,10,14,2017-10-14,2017-10-14,2022-06-12 05:37:17.777793
379,V00000153,D00000886,VISA Infinite,2017,10,19,2017-10-19,2017-10-19,2022-06-13 08:26:06.777793
380,V00000596,D00003811,VISA Signature,2017,10,19,2017-10-19,2017-10-19,2022-06-17 15:50:48.777793
381,V00000664,D00004316,VISA Signature,2017,10,22,2017-10-22,2017-10-22,2022-06-15 09:49:41.777793
382,V00000251,D00001525,VISA Signature,2017,10,23,2017-10-23,2017-10-23,2022-06-16 17:25:33.777793
383,V00000552,D00003519,VISA Signature,2017,10,25,2017-10-25,2017-10-25,2022-06-11 12:39:44.777793
384,V00000009,D00000076,VISA Signature,2017,10,25,2017-10-25,2017-10-25,2022-06-13 01:12:44.777793
385,V00000011,D00000079,VISA Infinite,2017,10,25,2017-10-25,2017-10-25,2022-06-13 16:38:50.777793
386,V00000650,D00004194,VISA Signature,2017,10,26,2017-10-26,2017-10-26,2022-06-07 01:07:58.777793
387,V00000059,D00000365,VISA Signature,2017,10,27,2017-10-27,2017-10-27,2022-06-13 13:31:54.777793
388,V00001016,D00009525,VISA Signature,2017,10,28,2017-10-28,2017-10-28,2022-06-10 23:33:32.777793
389,V00000359,D00002299,VISA Signature,2017,10,29,2017-10-29,2017-10-29,2022-06-17 20:22:51.777793
390,V00000438,D00002768,VISA Signature,2017,10,30,2017-10-30,2017-10-30,2022-06-14 08:04:29.777793
391,V00000094,D00000513,VISA Signature,2017,11,6,2017-11-06,2017-11-06,2022-06-12 14:44:10.777793
392,V00001056,D00010220,VISA Signature,2017,11,6,2017-11-06,2017-11-06,2022-06-07 10:05:41.777793
393,V00000273,D00001758,VISA Signature,2017,11,7,2017-11-07,2017-11-07,2022-06-12 18:17:14.777793
394,V00000947,D00008366,VISA Signature,2017,11,8,2017-11-08,2017-11-08,2022-06-11 22:22:13.777793
395,V00000093,D00000510,VISA Signature,2017,11,9,2017-11-09,2017-11-09,2022-06-11 12:54:29.777793
396,V00000762,D00005132,VISA Signature,2017,11,10,2017-11-10,2017-11-10,2022-06-07 00:46:07.777793
397,V00000254,D00001578,VISA Signature,2017,11,11,2017-11-11,2017-11-11,2022-06-11 13:39:02.777793
398,V00000611,D00003896,VISA Signature,2017,11,13,2017-11-13,2017-11-13,2022-06-12 11:26:28.777793
399,V00000648,D00004188,VISA Signature,2017,11,18,2017-11-18,2017-11-18,2022-06-09 17:31:55.777793
400,V00000373,D00002401,VISA Signature,2017,11,18,2017-11-18,2017-11-18,2022-06-15 00:40:32.777793
401,V00000579,D00003699,VISA Signature,2017,11,18,2017-11-18,2017-11-18,2022-06-11 18:55:18.777793
402,V00000555,D00003544,VISA Signature,2017,11,19,2017-11-19,2017-11-19,2022-06-07 13:09:14.777793
403,V00000329,D00002122,VISA Infinite,2017,11,19,2017-11-19,2017-11-19,2022-06-13 14:04:03.777793
404,V00000707,D00004560,VISA Signature,2017,11,21,2017-11-21,2017-11-21,2022-06-17 19:11:28.777793
405,V00000051,D00000321,VISA Signature,2017,11,21,2017-11-21,2017-11-21,2022-06-07 12:47:20.777793
406,V00000382,D00002445,VISA Infinite,2017,11,22,2017-11-22,2017-11-22,2022-06-16 13:17:32.777793
407,V00000472,D00003056,VISA Signature,2017,11,24,2017-11-24,2017-11-24,2022-06-17 06:19:39.777793
408,V00000237,D00001445,VISA Signature,2017,11,25,2017-11-25,2017-11-25,2022-06-15 03:43:10.777793
409,V00001234,D00013386,VISA Signature,2017,11,28,2017-11-28,2017-11-28,2022-06-14 00:55:53.777793
410,V00000086,D00000490,VISA Signature,2017,11,28,2017-11-28,2017-11-28,2022-06-08 17:34:31.777793
411,V00000540,D00003425,VISA Signature,2017,11,29,2017-11-29,2017-11-29,2022-06-17 10:06:04.777793
412,V00000493,D00003167,VISA Signature,2017,11,30,2017-11-30,2017-11-30,2022-06-15 12:44:26.777793
413,V00000532,D00003382,VISA Signature,2017,11,30,2017-11-30,2017-11-30,2022-06-14 07:19:58.777793
414,V00000590,D00003769,VISA Signature,2017,12,2,2017-12-02,2017-12-02,2022-06-11 05:59:26.777793
415,V00000942,D00008295,VISA Signature,2017,12,2,2017-12-02,2017-12-02,2022-06-08 08:30:48.777793
416,V00000033,D00000221,VISA Standard,2017,12,3,2017-12-03,2017-12-03,2022-06-07 15:59:59.777793
417,V00000739,D00004821,VISA Signature,2017,12,3,2017-12-03,2017-12-03,2022-06-12 10:02:35.777793
418,V00000045,D00000272,VISA Signature,2017,12,5,2017-12-05,2017-12-05,2022-06-07 17:40:22.777793
419,V00000025,D00000158,VISA Signature,2017,12,6,2017-12-06,2017-12-06,2022-06-11 19:55:43.777793
420,V00000200,D00001220,VISA Infinite,2017,12,9,2017-12-09,2017-12-09,2022-06-15 11:24:04.777793
421,V00000268,D00001707,VISA Infinite,2017,12,11,2017-12-11,2017-12-11,2022-06-10 10:45:42.777793
422,V00000507,D00003245,VISA Signature,2017,12,11,2017-12-11,2017-12-11,2022-06-12 10:11:38.777793
423,V00000569,D00003616,VISA Signature,2017,12,12,2017-12-12,2017-12-12,2022-06-17 18:21:03.777793
424,V00000282,D00001799,VISA Infinite,2017,12,13,2017-12-13,2017-12-13,2022-06-16 15:50:14.777793
425,V00000536,D00003404,VISA Signature,2017,12,13,2017-12-13,2017-12-13,2022-06-10 04:51:44.777793
426,V00001022,D00009606,VISA Signature,2017,12,13,2017-12-13,2017-12-13,2022-06-14 23:54:33.777793
427,V00001105,D00011237,VISA Signature,2017,12,13,2017-12-13,2017-12-13,2022-06-11 14:49:12.777793
428,V00000326,D00002104,VISA Signature,2017,12,14,2017-12-14,2017-12-14,2022-06-12 10:52:04.777793
429,V00000380,D00002434,VISA Signature,2017,12,15,2017-12-15,2017-12-15,2022-06-08 15:24:35.777793
430,V00000723,D00004699,VISA Signature,2017,12,15,2017-12-15,2017-12-15,2022-06-16 05:28:51.777793
431,V00000081,D00000473,VISA Signature,2017,12,17,2017-12-17,2017-12-17,2022-06-10 08:00:22.777793
432,V00000521,D00003310,VISA Signature,2017,12,17,2017-12-17,2017-12-17,2022-06-11 05:33:33.777793
433,V00000608,D00003890,VISA Signature,2017,12,17,2017-12-17,2017-12-17,2022-06-07 07:46:59.777793
434,V00000589,D00003766,VISA Standard,2017,12,20,2017-12-20,2017-12-20,2022-06-10 10:14:06.777793
435,V00000281,D00001795,VISA Signature,2017,12,22,2017-12-22,2017-12-22,2022-06-07 08:08:56.777793
436,V00000891,D00007434,VISA Signature,2017,12,23,2017-12-23,2017-12-23,2022-06-11 18:40:13.777793
437,V00000774,D00005249,VISA Signature,2017,12,25,2017-12-25,2017-12-25,2022-06-15 02:26:29.777793
438,V00000566,D00003606,VISA Signature,2017,12,25,2017-12-25,2017-12-25,2022-06-08 07:07:02.777793
439,V00000575,D00003667,VISA Infinite,2017,12,25,2017-12-25,2017-12-25,2022-06-09 00:52:29.777793
440,V00000154,D00000887,VISA Signature,2017,12,28,2017-12-28,2017-12-28,2022-06-17 10:55:56.777793
441,V00000130,D00000722,VISA Signature,2017,12,29,2017-12-29,2017-12-29,2022-06-07 19:27:30.777793
442,V00000434,D00002739,VISA Signature,2017,12,30,2017-12-30,2017-12-30,2022-06-14 12:05:35.777793
443,V00000083,D00000483,VISA Signature,2018,1,5,2018-01-05,2018-01-05,2022-06-14 02:50:25.777793
444,V00000593,D00003787,VISA Standard,2018,1,6,2018-01-06,2018-01-06,2022-06-09 15:04:24.777793
445,V00000481,D00003102,VISA Standard,2018,1,6,2018-01-06,2018-01-06,2022-06-17 17:10:37.777793
446,V00000304,D00001913,VISA Signature,2018,1,6,2018-01-06,2018-01-06,2022-06-11 06:29:21.777793
447,V00000149,D00000858,VISA Signature,2018,1,7,2018-01-07,2018-01-07,2022-06-08 08:36:49.777793
448,V00000659,D00004258,VISA Signature,2018,1,8,2018-01-08,2018-01-08,2022-06-08 04:24:20.777793
449,V00000517,D00003291,VISA Signature,2018,1,9,2018-01-09,2018-01-09,2022-06-10 15:22:11.777793
450,V00000368,D00002361,VISA Signature,2018,1,10,2018-01-10,2018-01-10,2022-06-09 05:47:04.777793
451,V00000482,D00003104,VISA Standard,2018,1,13,2018-01-13,2018-01-13,2022-06-10 03:49:58.777793
452,V00000689,D00004473,VISA Signature,2018,1,15,2018-01-15,2018-01-15,2022-06-17 14:42:37.777793
453,V00000557,D00003567,VISA Signature,2018,1,17,2018-01-17,2018-01-17,2022-06-17 23:52:24.777793
454,V00000897,D00007576,VISA Signature,2018,1,18,2018-01-18,2018-01-18,2022-06-17 03:23:56.777793
455,V00000803,D00005727,VISA Signature,2018,1,19,2018-01-19,2018-01-19,2022-06-14 23:43:41.777793
456,V00000401,D00002532,VISA Signature,2018,1,19,2018-01-19,2018-01-19,2022-06-15 17:41:39.777793
457,V00000760,D00005126,VISA Signature,2018,1,19,2018-01-19,2018-01-19,2022-06-08 06:56:40.777793
458,V00000274,D00001759,VISA Signature,2018,1,21,2018-01-21,2018-01-21,2022-06-09 05:21:40.777793
459,V00000028,D00000174,VISA Standard,2018,1,22,2018-01-22,2018-01-22,2022-06-12 04:35:27.777793
460,V00000904,D00007672,VISA Signature,2018,1,22,2018-01-22,2018-01-22,2022-06-10 18:02:19.777793
461,V00000474,D00003066,VISA Standard,2018,1,24,2018-01-24,2018-01-24,2022-06-15 06:57:28.777793
462,V00000214,D00001292,VISA Signature,2018,1,24,2018-01-24,2018-01-24,2022-06-09 00:25:15.777793
463,V00000055,D00000335,VISA Signature,2018,1,25,2018-01-25,2018-01-25,2022-06-09 07:44:12.777793
464,V00000340,D00002155,VISA Signature,2018,1,25,2018-01-25,2018-01-25,2022-06-17 10:45:35.777793
465,V00000724,D00004701,VISA Infinite,2018,1,27,2018-01-27,2018-01-27,2022-06-08 19:46:19.777793
466,V00000067,D00000429,VISA Standard,2018,1,28,2018-01-28,2018-01-28,2022-06-17 02:59:41.777793
467,V00000236,D00001440,VISA Standard,2018,1,29,2018-01-29,2018-01-29,2022-06-12 12:41:33.777793
468,V00000068,D00000434,VISA Signature,2018,1,31,2018-01-31,2018-01-31,2022-06-09 21:58:19.777793
469,V00000348,D00002203,VISA Signature,2018,2,2,2018-02-02,2018-02-02,2022-06-07 13:00:41.777793
470,V00000065,D00000414,VISA Signature,2018,2,2,2018-02-02,2018-02-02,2022-06-10 21:53:24.777793
471,V00001239,D00013442,VISA Standard,2018,2,2,2018-02-02,2018-02-02,2022-06-16 18:40:31.777793
472,V00000165,D00000996,VISA Standard,2018,2,4,2018-02-04,2018-02-04,2022-06-17 16:22:46.777793
473,V00000249,D00001517,VISA Signature,2018,2,6,2018-02-06,2018-02-06,2022-06-07 14:26:16.777793
474,V00000246,D00001492,VISA Signature,2018,2,8,2018-02-08,2018-02-08,2022-06-08 03:58:40.777793
475,V00000720,D00004674,VISA Standard,2018,2,9,2018-02-09,2018-02-09,2022-06-17 01:26:53.777793
476,V00000518,D00003292,VISA Infinite,2018,2,10,2018-02-10,2018-02-10,2022-06-16 20:12:51.777793
477,V00000459,D00002958,VISA Infinite,2018,2,11,2018-02-11,2018-02-11,2022-06-13 08:35:56.777793
478,V00000655,D00004231,VISA Signature,2018,2,13,2018-02-13,2018-02-13,2022-06-07 12:52:46.777793
479,V00000624,D00003985,VISA Standard,2018,2,13,2018-02-13,2018-02-13,2022-06-11 04:41:36.777793
480,V00000398,D00002522,VISA Signature,2018,2,14,2018-02-14,2018-02-14,2022-06-07 00:07:29.777793
481,V00000796,D00005579,VISA Signature,2018,2,20,2018-02-20,2018-02-20,2022-06-07 13:45:32.777793
482,V00000100,D00000562,VISA Infinite,2018,2,21,2018-02-21,2018-02-21,2022-06-16 01:02:42.777793
483,V00000574,D00003640,VISA Standard,2018,2,23,2018-02-23,2018-02-23,2022-06-07 06:18:49.777793
484,V00000360,D00002308,VISA Signature,2018,2,24,2018-02-24,2018-02-24,2022-06-10 07:15:11.777793
485,V00000391,D00002493,VISA Signature,2018,2,24,2018-02-24,2018-02-24,2022-06-08 04:46:25.777793
486,V00000283,D00001800,VISA Signature,2018,2,25,2018-02-25,2018-02-25,2022-06-12 10:23:10.777793
487,V00000726,D00004721,VISA Signature,2018,2,26,2018-02-26,2018-02-26,2022-06-11 01:46:41.777793
488,V00000132,D00000731,VISA Standard,2018,2,26,2018-02-26,2018-02-26,2022-06-15 23:54:02.777793
489,V00000463,D00002982,VISA Signature,2018,2,26,2018-02-26,2018-02-26,2022-06-12 21:25:11.777793
490,V00000021,D00000132,VISA Signature,2018,2,26,2018-02-26,2018-02-26,2022-06-07 05:16:40.777793
491,V00000529,D00003357,VISA Signature,2018,2,27,2018-02-27,2018-02-27,2022-06-07 12:25:14.777793
492,V00000946,D00008359,VISA Standard,2018,2,28,2018-02-28,2018-02-28,2022-06-12 11:56:02.777793
493,V00000419,D00002626,VISA Signature,2018,2,28,2018-02-28,2018-02-28,2022-06-11 16:47:07.777793
494,V00000248,D00001512,VISA Signature,2018,3,1,2018-03-01,2018-03-01,2022-06-09 22:24:51.777793
495,V00000215,D00001296,VISA Signature,2018,3,2,2018-03-02,2018-03-02,2022-06-07 12:32:20.777793
496,V00000225,D00001359,VISA Signature,2018,3,3,2018-03-03,2018-03-03,2022-06-11 17:46:45.777793
497,V00000643,D00004157,VISA Signature,2018,3,4,2018-03-04,2018-03-04,2022-06-07 05:02:37.777793
498,V00000844,D00006567,VISA Standard,2018,3,4,2018-03-04,2018-03-04,2022-06-13 00:51:19.777793
499,V00000672,D00004349,VISA Signature,2018,3,7,2018-03-07,2018-03-07,2022-06-13 06:42:20.777793
500,V00000276,D00001765,VISA Signature,2018,3,7,2018-03-07,2018-03-07,2022-06-13 12:36:48.777793
501,V00001230,D00013312,VISA Signature,2018,3,8,2018-03-08,2018-03-08,2022-06-10 14:19:51.777793
502,V00000599,D00003824,VISA Infinite,2018,3,8,2018-03-08,2018-03-08,2022-06-16 22:52:36.777793
503,V00000072,D00000447,VISA Signature,2018,3,9,2018-03-09,2018-03-09,2022-06-07 17:26:54.777793
504,V00001199,D00012826,VISA Signature,2018,3,9,2018-03-09,2018-03-09,2022-06-08 01:53:30.777793
505,V00000048,D00000295,VISA Signature,2018,3,10,2018-03-10,2018-03-10,2022-06-08 09:53:30.777793
506,V00000058,D00000358,VISA Signature,2018,3,11,2018-03-11,2018-03-11,2022-06-13 12:06:02.777793
507,V00000334,D00002133,VISA Signature,2018,3,13,2018-03-13,2018-03-13,2022-06-17 05:03:43.777793
508,V00000002,D00000019,VISA Signature,2018,3,13,2018-03-13,2018-03-13,2022-06-15 07:27:57.777793
509,V00000228,D00001382,VISA Standard,2018,3,15,2018-03-15,2018-03-15,2022-06-09 08:45:01.777793
510,V00000244,D00001480,VISA Signature,2018,3,16,2018-03-16,2018-03-16,2022-06-16 22:17:30.777793
511,V00001189,D00012683,VISA Signature,2018,3,17,2018-03-17,2018-03-17,2022-06-15 22:22:02.777793
512,V00000198,D00001211,VISA Standard,2018,3,18,2018-03-18,2018-03-18,2022-06-14 02:30:36.777793
513,V00000034,D00000225,VISA Signature,2018,3,20,2018-03-20,2018-03-20,2022-06-16 11:14:23.777793
514,V00000535,D00003395,VISA Signature,2018,3,22,2018-03-22,2018-03-22,2022-06-16 10:55:58.777793
515,V00000269,D00001718,VISA Infinite,2018,3,22,2018-03-22,2018-03-22,2022-06-08 12:26:12.777793
516,V00000515,D00003268,VISA Signature,2018,3,23,2018-03-23,2018-03-23,2022-06-16 06:58:15.777793
517,V00000290,D00001833,VISA Signature,2018,3,24,2018-03-24,2018-03-24,2022-06-09 12:09:16.777793
518,V00000315,D00002005,VISA Standard,2018,3,24,2018-03-24,2018-03-24,2022-06-16 17:30:27.777793
519,V00000784,D00005461,VISA Signature,2018,3,24,2018-03-24,2018-03-24,2022-06-14 13:33:50.777793
520,V00000063,D00000378,VISA Standard,2018,3,27,2018-03-27,2018-03-27,2022-06-16 06:01:52.777793
521,V00000417,D00002619,VISA Signature,2018,3,30,2018-03-30,2018-03-30,2022-06-17 20:57:53.777793
522,V00000619,D00003958,VISA Signature,2018,4,1,2018-04-01,2018-04-01,2022-06-08 04:04:15.777793
523,V00000191,D00001168,VISA Standard,2018,4,2,2018-04-02,2018-04-02,2022-06-10 02:42:56.777793
524,V00000965,D00008636,VISA Signature,2018,4,2,2018-04-02,2018-04-02,2022-06-15 02:13:46.777793
525,V00000444,D00002815,VISA Infinite,2018,4,3,2018-04-03,2018-04-03,2022-06-08 16:10:26.777793
526,V00000370,D00002374,VISA Signature,2018,4,3,2018-04-03,2018-04-03,2022-06-16 03:59:20.777793
527,V00000156,D00000906,VISA Standard,2018,4,7,2018-04-07,2018-04-07,2022-06-10 01:03:30.777793
528,V00000492,D00003166,VISA Signature,2018,4,9,2018-04-09,2018-04-09,2022-06-07 13:55:31.777793
529,V00000052,D00000326,VISA Infinite,2018,4,10,2018-04-10,2018-04-10,2022-06-11 12:32:32.777793
530,V00000071,D00000441,VISA Signature,2018,4,11,2018-04-11,2018-04-11,2022-06-11 02:57:28.777793
531,V00000775,D00005253,VISA Infinite,2018,4,11,2018-04-11,2018-04-11,2022-06-11 18:23:07.777793
532,V00000330,D00002124,VISA Signature,2018,4,11,2018-04-11,2018-04-11,2022-06-11 08:41:24.777793
533,V00000510,D00003256,VISA Signature,2018,4,13,2018-04-13,2018-04-13,2022-06-07 10:21:59.777793
534,V00000170,D00001020,VISA Signature,2018,4,16,2018-04-16,2018-04-16,2022-06-10 17:10:25.777793
535,V00000338,D00002146,VISA Signature,2018,4,16,2018-04-16,2018-04-16,2022-06-13 04:07:32.777793
536,V00000755,D00005002,VISA Signature,2018,4,16,2018-04-16,2018-04-16,2022-06-17 06:54:03.777793
537,V00000451,D00002888,VISA Standard,2018,4,16,2018-04-16,2018-04-16,2022-06-15 04:48:53.777793
538,V00000263,D00001668,VISA Infinite,2018,4,17,2018-04-17,2018-04-17,2022-06-09 01:07:32.777793
539,V00000602,D00003846,VISA Standard,2018,4,18,2018-04-18,2018-04-18,2022-06-10 14:11:59.777793
540,V00000498,D00003186,VISA Signature,2018,4,18,2018-04-18,2018-04-18,2022-06-07 08:54:15.777793
541,V00000933,D00007959,VISA Standard,2018,4,21,2018-04-21,2018-04-21,2022-06-08 15:07:13.777793
542,V00000089,D00000497,VISA Signature,2018,4,22,2018-04-22,2018-04-22,2022-06-13 06:09:26.777793
543,V00000761,D00005128,VISA Infinite,2018,4,23,2018-04-23,2018-04-23,2022-06-14 17:25:46.777793
544,V00000176,D00001049,VISA Signature,2018,4,25,2018-04-25,2018-04-25,2022-06-13 14:56:38.777793
545,V00001102,D00011183,VISA Signature,2018,4,25,2018-04-25,2018-04-25,2022-06-15 21:22:47.777793
546,V00000109,D00000605,VISA Signature,2018,4,26,2018-04-26,2018-04-26,2022-06-17 09:05:33.777793
547,V00000421,D00002644,VISA Signature,2018,4,27,2018-04-27,2018-04-27,2022-06-07 11:51:30.777793
548,V00000918,D00007796,VISA Signature,2018,4,27,2018-04-27,2018-04-27,2022-06-08 22:10:08.777793
549,V00000680,D00004417,VISA Signature,2018,4,29,2018-04-29,2018-04-29,2022-06-07 12:54:56.777793
550,V00000824,D00006196,VISA Signature,2018,4,29,2018-04-29,2018-04-29,2022-06-13 22:36:59.777793
551,V00000448,D00002864,VISA Signature,2018,4,29,2018-04-29,2018-04-29,2022-06-13 22:40:47.777793
552,V00001194,D00012781,VISA Standard,2018,4,30,2018-04-30,2018-04-30,2022-06-16 09:59:14.777793
553,V00000331,D00002125,VISA Infinite,2018,5,1,2018-05-01,2018-05-01,2022-06-12 03:57:33.777793
554,V00000734,D00004765,VISA Signature,2018,5,1,2018-05-01,2018-05-01,2022-06-11 17:54:24.777793
555,V00000235,D00001438,VISA Signature,2018,5,2,2018-05-02,2018-05-02,2022-06-11 16:49:11.777793
556,V00000284,D00001807,VISA Signature,2018,5,7,2018-05-07,2018-05-07,2022-06-12 15:23:16.777793
557,V00000412,D00002585,VISA Signature,2018,5,9,2018-05-09,2018-05-09,2022-06-12 07:35:30.777793
558,V00000064,D00000402,VISA Signature,2018,5,10,2018-05-10,2018-05-10,2022-06-16 06:26:49.777793
559,V00000186,D00001133,VISA Infinite,2018,5,12,2018-05-12,2018-05-12,2022-06-10 06:19:09.777793
560,V00000458,D00002951,VISA Infinite,2018,5,14,2018-05-14,2018-05-14,2022-06-08 23:54:06.777793
561,V00000465,D00002995,VISA Signature,2018,5,15,2018-05-15,2018-05-15,2022-06-17 01:39:05.777793
562,V00000457,D00002948,VISA Standard,2018,5,16,2018-05-16,2018-05-16,2022-06-07 07:14:16.777793
563,V00000456,D00002929,VISA Signature,2018,5,16,2018-05-16,2018-05-16,2022-06-11 11:51:01.777793
564,V00000645,D00004166,VISA Signature,2018,5,17,2018-05-17,2018-05-17,2022-06-17 17:33:48.777793
565,V00000906,D00007683,VISA Infinite,2018,5,18,2018-05-18,2018-05-18,2022-06-15 04:47:00.777793
566,V00000756,D00005012,VISA Signature,2018,5,18,2018-05-18,2018-05-18,2022-06-07 22:41:35.777793
567,V00000218,D00001322,VISA Signature,2018,5,18,2018-05-18,2018-05-18,2022-06-17 14:20:59.777793
568,V00000717,D00004654,VISA Signature,2018,5,19,2018-05-19,2018-05-19,2022-06-07 05:44:52.777793
569,V00000008,D00000060,VISA Standard,2018,5,20,2018-05-20,2018-05-20,2022-06-15 22:01:25.777793
570,V00000700,D00004533,VISA Standard,2018,5,22,2018-05-22,2018-05-22,2022-06-08 00:27:07.777793
571,V00000757,D00005013,VISA Standard,2018,5,22,2018-05-22,2018-05-22,2022-06-08 11:58:01.777793
572,V00000126,D00000707,VISA Signature,2018,5,23,2018-05-23,2018-05-23,2022-06-16 06:44:29.777793
573,V00000358,D00002287,VISA Standard,2018,5,23,2018-05-23,2018-05-23,2022-06-09 21:43:10.777793
574,V00000639,D00004112,VISA Signature,2018,5,23,2018-05-23,2018-05-23,2022-06-11 23:30:14.777793
575,V00000212,D00001280,VISA Signature,2018,5,24,2018-05-24,2018-05-24,2022-06-09 19:40:31.777793
576,V00000415,D00002609,VISA Signature,2018,5,25,2018-05-25,2018-05-25,2022-06-12 01:04:10.777793
577,V00000161,D00000963,VISA Signature,2018,5,25,2018-05-25,2018-05-25,2022-06-17 13:32:10.777793
578,V00000207,D00001244,VISA Signature,2018,5,25,2018-05-25,2018-05-25,2022-06-09 09:25:26.777793
579,V00001216,D00013097,VISA Signature,2018,5,26,2018-05-26,2018-05-26,2022-06-15 06:30:15.777793
580,V00000649,D00004190,VISA Signature,2018,5,29,2018-05-29,2018-05-29,2022-06-16 02:09:10.777793
581,V00000475,D00003075,VISA Infinite,2018,5,31,2018-05-31,2018-05-31,2022-06-12 07:53:17.777793
582,V00000586,D00003756,VISA Signature,2018,5,31,2018-05-31,2018-05-31,2022-06-08 07:56:02.777793
583,V00000446,D00002841,VISA Signature,2018,6,4,2018-06-04,2018-06-04,2022-06-13 08:19:39.777793
584,V00000823,D00006178,VISA Signature,2018,6,5,2018-06-05,2018-06-05,2022-06-17 13:13:37.777793
585,V00000644,D00004165,VISA Signature,2018,6,5,2018-06-05,2018-06-05,2022-06-11 10:41:43.777793
586,V00000111,D00000615,VISA Signature,2018,6,5,2018-06-05,2018-06-05,2022-06-11 11:28:18.777793
587,V00000469,D00003026,VISA Signature,2018,6,7,2018-06-07,2018-06-07,2022-06-11 17:57:53.777793
588,V00000017,D00000127,VISA Signature,2018,6,7,2018-06-07,2018-06-07,2022-06-14 12:53:26.777793
589,V00000558,D00003568,VISA Signature,2018,6,7,2018-06-07,2018-06-07,2022-06-13 16:05:10.777793
590,V00000192,D00001169,VISA Signature,2018,6,8,2018-06-08,2018-06-08,2022-06-13 05:07:32.777793
591,V00000631,D00004061,VISA Standard,2018,6,9,2018-06-09,2018-06-09,2022-06-14 07:34:15.777793
592,V00000317,D00002015,VISA Signature,2018,6,10,2018-06-10,2018-06-10,2022-06-10 22:21:43.777793
593,V00000716,D00004651,VISA Standard,2018,6,11,2018-06-11,2018-06-11,2022-06-17 08:56:44.777793
594,V00000007,D00000056,VISA Signature,2018,6,11,2018-06-11,2018-06-11,2022-06-16 11:50:39.777793
595,V00000863,D00006906,VISA Signature,2018,6,12,2018-06-12,2018-06-12,2022-06-13 11:01:20.777793
596,V00000123,D00000679,VISA Signature,2018,6,12,2018-06-12,2018-06-12,2022-06-15 13:30:57.777793
597,V00000770,D00005232,VISA Signature,2018,6,15,2018-06-15,2018-06-15,2022-06-17 19:24:45.777793
598,V00000143,D00000816,VISA Signature,2018,6,15,2018-06-15,2018-06-15,2022-06-16 03:28:34.777793
599,V00000785,D00005468,VISA Signature,2018,6,16,2018-06-16,2018-06-16,2022-06-09 12:14:39.777793
600,V00000646,D00004167,VISA Signature,2018,6,17,2018-06-17,2018-06-17,2022-06-15 00:52:39.777793
601,V00000160,D00000954,VISA Signature,2018,6,17,2018-06-17,2018-06-17,2022-06-14 21:40:17.777793
602,V00000669,D00004341,VISA Signature,2018,6,19,2018-06-19,2018-06-19,2022-06-11 21:50:23.777793
603,V00000101,D00000566,VISA Signature,2018,6,19,2018-06-19,2018-06-19,2022-06-12 13:23:40.777793
604,V00000332,D00002126,VISA Signature,2018,6,19,2018-06-19,2018-06-19,2022-06-09 10:17:48.777793
605,V00000362,D00002320,VISA Infinite,2018,6,21,2018-06-21,2018-06-21,2022-06-14 09:39:56.777793
606,V00000173,D00001031,VISA Signature,2018,6,21,2018-06-21,2018-06-21,2022-06-12 13:58:58.777793
607,V00000016,D00000116,VISA Signature,2018,6,23,2018-06-23,2018-06-23,2022-06-07 19:40:35.777793
608,V00000365,D00002332,VISA Signature,2018,6,23,2018-06-23,2018-06-23,2022-06-07 08:03:40.777793
609,V00000701,D00004534,VISA Signature,2018,6,24,2018-06-24,2018-06-24,2022-06-07 01:16:31.777793
610,V00000080,D00000471,VISA Signature,2018,6,25,2018-06-25,2018-06-25,2022-06-11 01:25:06.777793
611,V00000831,D00006275,VISA Signature,2018,6,29,2018-06-29,2018-06-29,2022-06-11 08:09:37.777793
612,V00000354,D00002265,VISA Infinite,2018,6,30,2018-06-30,2018-06-30,2022-06-10 21:47:38.777793
613,V00000250,D00001522,VISA Signature,2018,6,30,2018-06-30,2018-06-30,2022-06-16 02:44:54.777793
614,V00000142,D00000810,VISA Signature,2018,7,1,2018-07-01,2018-07-01,2022-06-11 07:56:06.777793
615,V00000991,D00009149,VISA Standard,2018,7,1,2018-07-01,2018-07-01,2022-06-16 20:59:56.777793
616,V00001192,D00012736,VISA Signature,2018,7,2,2018-07-02,2018-07-02,2022-06-13 14:43:19.777793
617,V00000738,D00004808,VISA Standard,2018,7,2,2018-07-02,2018-07-02,2022-06-14 07:08:44.777793
618,V00000627,D00003994,VISA Signature,2018,7,5,2018-07-05,2018-07-05,2022-06-13 01:12:35.777793
619,V00000696,D00004516,VISA Signature,2018,7,5,2018-07-05,2018-07-05,2022-06-12 13:55:46.777793
620,V00000260,D00001616,VISA Signature,2018,7,5,2018-07-05,2018-07-05,2022-06-17 04:25:49.777793
621,V00000768,D00005223,VISA Signature,2018,7,6,2018-07-06,2018-07-06,2022-06-09 23:00:03.777793
622,V00000233,D00001418,VISA Signature,2018,7,7,2018-07-07,2018-07-07,2022-06-07 15:23:22.777793
623,V00000450,D00002880,VISA Signature,2018,7,7,2018-07-07,2018-07-07,2022-06-15 13:46:49.777793
624,V00000440,D00002782,VISA Signature,2018,7,7,2018-07-07,2018-07-07,2022-06-15 02:30:27.777793
625,V00000301,D00001899,VISA Signature,2018,7,7,2018-07-07,2018-07-07,2022-06-14 08:45:21.777793
626,V00000485,D00003124,VISA Signature,2018,7,8,2018-07-08,2018-07-08,2022-06-16 15:09:30.777793
627,V00000567,D00003611,VISA Signature,2018,7,8,2018-07-08,2018-07-08,2022-06-13 11:40:45.777793
628,V00000066,D00000425,VISA Signature,2018,7,8,2018-07-08,2018-07-08,2022-06-08 18:34:04.777793
629,V00001002,D00009261,VISA Signature,2018,7,9,2018-07-09,2018-07-09,2022-06-07 09:40:16.777793
630,V00000453,D00002911,VISA Infinite,2018,7,12,2018-07-12,2018-07-12,2022-06-10 22:01:29.777793
631,V00000277,D00001777,VISA Infinite,2018,7,12,2018-07-12,2018-07-12,2022-06-10 20:43:27.777793
632,V00000571,D00003627,VISA Standard,2018,7,13,2018-07-13,2018-07-13,2022-06-16 00:09:08.777793
633,V00000687,D00004471,VISA Signature,2018,7,14,2018-07-14,2018-07-14,2022-06-15 16:19:52.777793
634,V00000640,D00004115,VISA Signature,2018,7,14,2018-07-14,2018-07-14,2022-06-11 04:05:23.777793
635,V00000039,D00000254,VISA Signature,2018,7,14,2018-07-14,2018-07-14,2022-06-12 13:06:06.777793
636,V00000435,D00002740,VISA Signature,2018,7,15,2018-07-15,2018-07-15,2022-06-12 19:25:47.777793
637,V00000411,D00002572,VISA Signature,2018,7,15,2018-07-15,2018-07-15,2022-06-08 11:34:19.777793
638,V00000548,D00003501,VISA Signature,2018,7,16,2018-07-16,2018-07-16,2022-06-14 17:25:24.777793
639,V00001167,D00012335,VISA Signature,2018,7,18,2018-07-18,2018-07-18,2022-06-09 21:08:47.777793
640,V00000727,D00004723,VISA Signature,2018,7,19,2018-07-19,2018-07-19,2022-06-10 23:30:20.777793
641,V00000603,D00003850,VISA Signature,2018,7,20,2018-07-20,2018-07-20,2022-06-07 17:35:16.777793
642,V00000496,D00003183,VISA Standard,2018,7,21,2018-07-21,2018-07-21,2022-06-16 05:10:39.777793
643,V00000073,D00000451,VISA Standard,2018,7,21,2018-07-21,2018-07-21,2022-06-14 18:28:30.777793
644,V00000146,D00000822,VISA Signature,2018,7,23,2018-07-23,2018-07-23,2022-06-16 02:05:11.777793
645,V00000439,D00002779,VISA Signature,2018,7,23,2018-07-23,2018-07-23,2022-06-11 20:57:48.777793
646,V00000613,D00003913,VISA Signature,2018,7,23,2018-07-23,2018-07-23,2022-06-08 15:53:40.777793
647,V00000323,D00002065,VISA Standard,2018,7,24,2018-07-24,2018-07-24,2022-06-11 08:26:55.777793
648,V00000623,D00003984,VISA Signature,2018,7,25,2018-07-25,2018-07-25,2022-06-12 17:02:51.777793
649,V00000530,D00003360,VISA Signature,2018,7,25,2018-07-25,2018-07-25,2022-06-17 17:53:30.777793
650,V00000396,D00002508,VISA Signature,2018,7,26,2018-07-26,2018-07-26,2022-06-10 08:09:03.777793
651,V00001076,D00010604,VISA Infinite,2018,7,27,2018-07-27,2018-07-27,2022-06-13 09:28:11.777793
652,V00000344,D00002168,VISA Signature,2018,7,27,2018-07-27,2018-07-27,2022-06-07 00:22:08.777793
653,V00000525,D00003337,VISA Signature,2018,7,27,2018-07-27,2018-07-27,2022-06-07 11:44:34.777793
654,V00000042,D00000264,VISA Standard,2018,7,28,2018-07-28,2018-07-28,2022-06-09 10:00:20.777793
655,V00000740,D00004823,VISA Standard,2018,7,28,2018-07-28,2018-07-28,2022-06-17 04:35:52.777793
656,V00000780,D00005333,VISA Signature,2018,7,29,2018-07-29,2018-07-29,2022-06-10 12:10:31.777793
657,V00000509,D00003253,VISA Infinite,2018,7,30,2018-07-30,2018-07-30,2022-06-13 23:27:34.777793
658,V00000308,D00001938,VISA Signature,2018,7,30,2018-07-30,2018-07-30,2022-06-13 16:06:06.777793
659,V00000618,D00003947,VISA Signature,2018,7,31,2018-07-31,2018-07-31,2022-06-08 16:33:38.777793
660,V00000209,D00001251,VISA Signature,2018,7,31,2018-07-31,2018-07-31,2022-06-17 15:54:41.777793
661,V00001155,D00012088,VISA Signature,2018,8,1,2018-08-01,2018-08-01,2022-06-13 23:38:43.777793
662,V00000095,D00000519,VISA Standard,2018,8,1,2018-08-01,2018-08-01,2022-06-10 09:29:44.777793
663,V00000833,D00006299,VISA Signature,2018,8,1,2018-08-01,2018-08-01,2022-06-07 13:57:02.777793
664,V00000319,D00002038,VISA Standard,2018,8,2,2018-08-02,2018-08-02,2022-06-08 07:41:53.777793
665,V00000795,D00005563,VISA Signature,2018,8,2,2018-08-02,2018-08-02,2022-06-16 08:11:11.777793
666,V00000508,D00003249,VISA Signature,2018,8,3,2018-08-03,2018-08-03,2022-06-07 14:34:08.777793
667,V00000078,D00000468,VISA Signature,2018,8,4,2018-08-04,2018-08-04,2022-06-16 18:08:44.777793
668,V00000683,D00004437,VISA Signature,2018,8,5,2018-08-05,2018-08-05,2022-06-11 00:49:56.777793
669,V00000032,D00000219,VISA Signature,2018,8,6,2018-08-06,2018-08-06,2022-06-17 02:32:23.777793
670,V00000550,D00003515,VISA Signature,2018,8,8,2018-08-08,2018-08-08,2022-06-12 20:23:00.777793
671,V00001217,D00013098,VISA Standard,2018,8,9,2018-08-09,2018-08-09,2022-06-12 17:01:12.777793
672,V00001003,D00009274,VISA Signature,2018,8,9,2018-08-09,2018-08-09,2022-06-17 18:20:23.777793
673,V00000179,D00001059,VISA Signature,2018,8,10,2018-08-10,2018-08-10,2022-06-07 16:48:49.777793
674,V00000169,D00001019,VISA Signature,2018,8,10,2018-08-10,2018-08-10,2022-06-17 22:02:25.777793
675,V00000221,D00001339,VISA Signature,2018,8,10,2018-08-10,2018-08-10,2022-06-16 12:43:55.777793
676,V00000684,D00004457,VISA Signature,2018,8,11,2018-08-11,2018-08-11,2022-06-17 00:22:19.777793
677,V00000077,D00000466,VISA Signature,2018,8,13,2018-08-13,2018-08-13,2022-06-17 09:24:52.777793
678,V00000581,D00003721,VISA Signature,2018,8,13,2018-08-13,2018-08-13,2022-06-14 05:08:37.777793
679,V00000047,D00000280,VISA Signature,2018,8,13,2018-08-13,2018-08-13,2022-06-11 19:22:38.777793
680,V00000386,D00002478,VISA Signature,2018,8,14,2018-08-14,2018-08-14,2022-06-15 00:18:32.777793
681,V00000346,D00002177,VISA Signature,2018,8,14,2018-08-14,2018-08-14,2022-06-09 12:54:48.777793
682,V00000406,D00002548,VISA Signature,2018,8,16,2018-08-16,2018-08-16,2022-06-08 09:14:24.777793
683,V00000951,D00008392,VISA Signature,2018,8,16,2018-08-16,2018-08-16,2022-06-13 13:33:36.777793
684,V00000519,D00003297,VISA Signature,2018,8,16,2018-08-16,2018-08-16,2022-06-16 22:08:07.777793
685,V00000321,D00002058,VISA Infinite,2018,8,16,2018-08-16,2018-08-16,2022-06-10 12:17:26.777793
686,V00000128,D00000716,VISA Signature,2018,8,19,2018-08-19,2018-08-19,2022-06-08 19:05:17.777793
687,V00000711,D00004592,VISA Signature,2018,8,19,2018-08-19,2018-08-19,2022-06-16 14:17:25.777793
688,V00000538,D00003414,VISA Infinite,2018,8,20,2018-08-20,2018-08-20,2022-06-09 07:28:58.777793
689,V00000029,D00000192,VISA Signature,2018,8,20,2018-08-20,2018-08-20,2022-06-16 04:30:09.777793
690,V00000834,D00006301,VISA Signature,2018,8,21,2018-08-21,2018-08-21,2022-06-10 05:33:21.777793
691,V00000461,D00002977,VISA Infinite,2018,8,21,2018-08-21,2018-08-21,2022-06-11 10:17:07.777793
692,V00000239,D00001453,VISA Infinite,2018,8,24,2018-08-24,2018-08-24,2022-06-09 07:08:14.777793
693,V00000395,D00002502,VISA Signature,2018,8,24,2018-08-24,2018-08-24,2022-06-14 06:25:37.777793
694,V00000531,D00003378,VISA Infinite,2018,8,24,2018-08-24,2018-08-24,2022-06-15 16:39:43.777793
695,V00001150,D00012020,VISA Signature,2018,8,25,2018-08-25,2018-08-25,2022-06-11 18:55:41.777793
696,V00000096,D00000528,VISA Signature,2018,8,26,2018-08-26,2018-08-26,2022-06-17 08:43:30.777793
697,V00000367,D00002343,VISA Signature,2018,8,27,2018-08-27,2018-08-27,2022-06-12 11:25:12.777793
698,V00001023,D00009621,VISA Signature,2018,8,30,2018-08-30,2018-08-30,2022-06-11 15:13:39.777793
699,V00000702,D00004543,VISA Signature,2018,8,30,2018-08-30,2018-08-30,2022-06-12 17:32:45.777793
700,V00000405,D00002542,VISA Signature,2018,8,31,2018-08-31,2018-08-31,2022-06-13 08:02:32.777793
701,V00000480,D00003092,VISA Signature,2018,9,1,2018-09-01,2018-09-01,2022-06-14 23:19:48.777793
702,V00001098,D00011063,VISA Signature,2018,9,1,2018-09-01,2018-09-01,2022-06-13 11:50:08.777793
703,V00000079,D00000469,VISA Signature,2018,9,2,2018-09-02,2018-09-02,2022-06-13 06:15:06.777793
704,V00000402,D00002536,VISA Signature,2018,9,3,2018-09-03,2018-09-03,2022-06-15 17:29:39.777793
705,V00000551,D00003517,VISA Signature,2018,9,3,2018-09-03,2018-09-03,2022-06-15 14:04:09.777793
706,V00000425,D00002662,VISA Standard,2018,9,4,2018-09-04,2018-09-04,2022-06-09 18:05:24.777793
707,V00001195,D00012787,VISA Infinite,2018,9,4,2018-09-04,2018-09-04,2022-06-11 00:01:25.777793
708,V00001154,D00012070,VISA Signature,2018,9,5,2018-09-05,2018-09-05,2022-06-09 03:11:01.777793
709,V00000307,D00001930,VISA Infinite,2018,9,5,2018-09-05,2018-09-05,2022-06-15 15:28:55.777793
710,V00000752,D00004944,VISA Standard,2018,9,6,2018-09-06,2018-09-06,2022-06-14 00:42:38.777793
711,V00000134,D00000769,VISA Signature,2018,9,7,2018-09-07,2018-09-07,2022-06-08 16:20:54.777793
712,V00000285,D00001811,VISA Infinite,2018,9,10,2018-09-10,2018-09-10,2022-06-09 15:01:24.777793
713,V00000544,D00003448,VISA Infinite,2018,9,10,2018-09-10,2018-09-10,2022-06-14 05:44:56.777793
714,V00000526,D00003339,VISA Signature,2018,9,10,2018-09-10,2018-09-10,2022-06-14 20:57:42.777793
715,V00000352,D00002235,VISA Signature,2018,9,11,2018-09-11,2018-09-11,2022-06-11 05:57:57.777793
716,V00000328,D00002121,VISA Standard,2018,9,12,2018-09-12,2018-09-12,2022-06-08 12:55:17.777793
717,V00000026,D00000161,VISA Signature,2018,9,14,2018-09-14,2018-09-14,2022-06-12 12:05:09.777793
718,V00000141,D00000808,VISA Signature,2018,9,15,2018-09-15,2018-09-15,2022-06-09 12:56:47.777793
719,V00000151,D00000861,VISA Signature,2018,9,16,2018-09-16,2018-09-16,2022-06-13 15:12:14.777793
720,V00000203,D00001231,VISA Signature,2018,9,16,2018-09-16,2018-09-16,2022-06-08 01:07:43.777793
721,V00000653,D00004212,VISA Signature,2018,9,16,2018-09-16,2018-09-16,2022-06-11 05:07:48.777793
722,V00000880,D00007186,VISA Signature,2018,9,17,2018-09-17,2018-09-17,2022-06-10 22:09:54.777793
723,V00000620,D00003959,VISA Signature,2018,9,17,2018-09-17,2018-09-17,2022-06-12 18:11:13.777793
724,V00000630,D00004019,VISA Signature,2018,9,18,2018-09-18,2018-09-18,2022-06-12 11:50:02.777793
725,V00001188,D00012678,VISA Signature,2018,9,19,2018-09-19,2018-09-19,2022-06-17 03:40:01.777793
726,V00000389,D00002489,VISA Infinite,2018,9,19,2018-09-19,2018-09-19,2022-06-12 12:24:38.777793
727,V00001024,D00009622,VISA Signature,2018,9,20,2018-09-20,2018-09-20,2022-06-12 19:27:05.777793
728,V00000193,D00001179,VISA Infinite,2018,9,21,2018-09-21,2018-09-21,2022-06-12 14:53:21.777793
729,V00000758,D00005016,VISA Signature,2018,9,21,2018-09-21,2018-09-21,2022-06-13 03:59:48.777793
730,V00000634,D00004081,VISA Standard,2018,9,22,2018-09-22,2018-09-22,2022-06-17 12:15:19.777793
731,V00000361,D00002312,VISA Signature,2018,9,23,2018-09-23,2018-09-23,2022-06-08 00:10:00.777793
732,V00000242,D00001473,VISA Signature,2018,9,24,2018-09-24,2018-09-24,2022-06-16 22:13:15.777793
733,V00000923,D00007855,VISA Signature,2018,9,24,2018-09-24,2018-09-24,2022-06-13 04:53:33.777793
734,V00001007,D00009333,VISA Infinite,2018,9,25,2018-09-25,2018-09-25,2022-06-09 15:14:29.777793
735,V00000520,D00003308,VISA Signature,2018,9,25,2018-09-25,2018-09-25,2022-06-15 10:43:11.777793
736,V00000629,D00004018,VISA Standard,2018,9,25,2018-09-25,2018-09-25,2022-06-15 21:15:40.777793
737,V00000335,D00002137,VISA Signature,2018,9,25,2018-09-25,2018-09-25,2022-06-10 06:55:58.777793
738,V00000414,D00002606,VISA Signature,2018,9,26,2018-09-26,2018-09-26,2022-06-12 15:45:59.777793
739,V00000036,D00000236,VISA Signature,2018,9,28,2018-09-28,2018-09-28,2022-06-08 13:58:29.777793
740,V00000561,D00003581,VISA Infinite,2018,9,28,2018-09-28,2018-09-28,2022-06-07 15:01:21.777793
741,V00000291,D00001836,VISA Signature,2018,9,29,2018-09-29,2018-09-29,2022-06-10 09:36:30.777793
742,V00000231,D00001390,VISA Standard,2018,9,29,2018-09-29,2018-09-29,2022-06-15 20:40:24.777793
743,V00000782,D00005376,VISA Signature,2018,9,29,2018-09-29,2018-09-29,2022-06-09 12:45:45.777793
744,V00000180,D00001062,VISA Signature,2018,9,29,2018-09-29,2018-09-29,2022-06-07 07:30:45.777793
745,V00000765,D00005175,VISA Signature,2018,9,29,2018-09-29,2018-09-29,2022-06-12 01:46:37.777793
746,V00000357,D00002277,VISA Standard,2018,9,29,2018-09-29,2018-09-29,2022-06-12 08:16:47.777793
747,V00000554,D00003535,VISA Signature,2018,9,29,2018-09-29,2018-09-29,2022-06-17 01:40:36.777793
748,V00000956,D00008502,VISA Signature,2018,9,30,2018-09-30,2018-09-30,2022-06-11 08:06:28.777793
749,V00000676,D00004380,VISA Signature,2018,9,30,2018-09-30,2018-09-30,2022-06-07 19:25:26.777793
750,V00000255,D00001579,VISA Infinite,2018,10,1,2018-10-01,2018-10-01,2022-06-16 01:55:16.777793
751,V00001193,D00012743,VISA Signature,2018,10,1,2018-10-01,2018-10-01,2022-06-13 01:37:12.777793
752,V00000416,D00002616,VISA Signature,2018,10,1,2018-10-01,2018-10-01,2022-06-13 07:24:07.777793
753,V00000585,D00003753,VISA Infinite,2018,10,1,2018-10-01,2018-10-01,2022-06-17 01:12:59.777793
754,V00000744,D00004863,VISA Signature,2018,10,2,2018-10-02,2018-10-02,2022-06-09 22:42:21.777793
755,V00000023,D00000146,VISA Signature,2018,10,3,2018-10-03,2018-10-03,2022-06-17 07:09:03.777793
756,V00000394,D00002501,VISA Signature,2018,10,5,2018-10-05,2018-10-05,2022-06-14 08:10:25.777793
757,V00000460,D00002971,VISA Signature,2018,10,5,2018-10-05,2018-10-05,2022-06-12 23:34:32.777793
758,V00000035,D00000231,VISA Signature,2018,10,7,2018-10-07,2018-10-07,2022-06-08 10:52:28.777793
759,V00000447,D00002845,VISA Signature,2018,10,7,2018-10-07,2018-10-07,2022-06-13 22:04:24.777793
760,V00000264,D00001669,VISA Signature,2018,10,7,2018-10-07,2018-10-07,2022-06-17 15:19:34.777793
761,V00000245,D00001483,VISA Signature,2018,10,8,2018-10-08,2018-10-08,2022-06-14 01:00:34.777793
762,V00000505,D00003233,VISA Standard,2018,10,9,2018-10-09,2018-10-09,2022-06-15 08:58:51.777793
763,V00000336,D00002138,VISA Standard,2018,10,9,2018-10-09,2018-10-09,2022-06-07 05:55:12.777793
764,V00000366,D00002335,VISA Signature,2018,10,9,2018-10-09,2018-10-09,2022-06-14 04:33:02.777793
765,V00000533,D00003384,VISA Signature,2018,10,9,2018-10-09,2018-10-09,2022-06-07 08:56:33.777793
766,V00000288,D00001826,VISA Signature,2018,10,10,2018-10-10,2018-10-10,2022-06-07 09:23:09.777793
767,V00000754,D00004976,VISA Standard,2018,10,10,2018-10-10,2018-10-10,2022-06-12 00:57:02.777793
768,V00000116,D00000646,VISA Signature,2018,10,11,2018-10-11,2018-10-11,2022-06-11 10:17:56.777793
769,V00001035,D00009732,VISA Signature,2018,10,11,2018-10-11,2018-10-11,2022-06-08 11:04:21.777793
770,V00000682,D00004429,VISA Signature,2018,10,11,2018-10-11,2018-10-11,2022-06-08 14:51:31.777793
771,V00000792,D00005526,VISA Signature,2018,10,11,2018-10-11,2018-10-11,2022-06-09 05:33:13.777793
772,V00000385,D00002476,VISA Signature,2018,10,12,2018-10-12,2018-10-12,2022-06-13 19:55:08.777793
773,V00000053,D00000333,VISA Signature,2018,10,13,2018-10-13,2018-10-13,2022-06-15 11:22:43.777793
774,V00000751,D00004941,VISA Standard,2018,10,15,2018-10-15,2018-10-15,2022-06-10 20:52:18.777793
775,V00000614,D00003938,VISA Standard,2018,10,16,2018-10-16,2018-10-16,2022-06-09 05:39:05.777793
776,V00000957,D00008506,VISA Standard,2018,10,16,2018-10-16,2018-10-16,2022-06-15 08:13:41.777793
777,V00000001,D00000009,VISA Infinite,2018,10,16,2018-10-16,2018-10-16,2022-06-15 18:14:18.777793
778,V00000743,D00004862,VISA Infinite,2018,10,18,2018-10-18,2018-10-18,2022-06-09 17:04:18.777793
779,V00000061,D00000374,VISA Signature,2018,10,18,2018-10-18,2018-10-18,2022-06-10 16:26:12.777793
780,V00000060,D00000370,VISA Signature,2018,10,18,2018-10-18,2018-10-18,2022-06-09 07:38:46.777793
781,V00000074,D00000453,VISA Signature,2018,10,18,2018-10-18,2018-10-18,2022-06-08 08:36:28.777793
782,V00000749,D00004929,VISA Signature,2018,10,19,2018-10-19,2018-10-19,2022-06-10 13:40:24.777793
783,V00000339,D00002154,VISA Signature,2018,10,19,2018-10-19,2018-10-19,2022-06-09 00:43:30.777793
784,V00000769,D00005224,VISA Signature,2018,10,20,2018-10-20,2018-10-20,2022-06-10 22:26:35.777793
785,V00000488,D00003134,VISA Infinite,2018,10,20,2018-10-20,2018-10-20,2022-06-08 07:36:28.777793
786,V00000031,D00000208,VISA Signature,2018,10,21,2018-10-21,2018-10-21,2022-06-07 17:41:17.777793
787,V00000542,D00003439,VISA Signature,2018,10,22,2018-10-22,2018-10-22,2022-06-10 04:28:12.777793
788,V00000750,D00004937,VISA Signature,2018,10,24,2018-10-24,2018-10-24,2022-06-12 06:00:55.777793
789,V00000855,D00006764,VISA Signature,2018,10,24,2018-10-24,2018-10-24,2022-06-15 21:53:18.777793
790,V00000299,D00001886,VISA Signature,2018,10,25,2018-10-25,2018-10-25,2022-06-07 22:11:12.777793
791,V00000158,D00000928,VISA Infinite,2018,10,25,2018-10-25,2018-10-25,2022-06-13 11:05:47.777793
792,V00000857,D00006789,VISA Standard,2018,10,25,2018-10-25,2018-10-25,2022-06-14 10:49:22.777793
793,V00000230,D00001388,VISA Infinite,2018,10,25,2018-10-25,2018-10-25,2022-06-14 04:39:55.777793
794,V00000295,D00001864,VISA Signature,2018,10,26,2018-10-26,2018-10-26,2022-06-13 10:15:24.777793
795,V00000584,D00003751,VISA Signature,2018,10,28,2018-10-28,2018-10-28,2022-06-11 07:16:55.777793
796,V00000449,D00002865,VISA Signature,2018,10,28,2018-10-28,2018-10-28,2022-06-09 12:50:30.777793
797,V00000351,D00002232,VISA Signature,2018,11,1,2018-11-01,2018-11-01,2022-06-12 15:20:10.777793
798,V00000138,D00000791,VISA Signature,2018,11,2,2018-11-02,2018-11-02,2022-06-09 19:00:27.777793
799,V00000524,D00003333,VISA Signature,2018,11,2,2018-11-02,2018-11-02,2022-06-09 23:01:51.777793
800,V00000693,D00004495,VISA Standard,2018,11,3,2018-11-03,2018-11-03,2022-06-09 20:36:07.777793
801,V00000604,D00003858,VISA Signature,2018,11,4,2018-11-04,2018-11-04,2022-06-11 14:46:53.777793
802,V00000746,D00004901,VISA Signature,2018,11,4,2018-11-04,2018-11-04,2022-06-07 09:29:07.777793
803,V00000333,D00002128,VISA Signature,2018,11,4,2018-11-04,2018-11-04,2022-06-10 16:14:21.777793
804,V00000129,D00000719,VISA Signature,2018,11,5,2018-11-05,2018-11-05,2022-06-10 01:29:04.777793
805,V00000429,D00002709,VISA Signature,2018,11,5,2018-11-05,2018-11-05,2022-06-15 05:41:34.777793
806,V00000424,D00002659,VISA Signature,2018,11,6,2018-11-06,2018-11-06,2022-06-16 11:08:27.777793
807,V00000345,D00002175,VISA Signature,2018,11,7,2018-11-07,2018-11-07,2022-06-11 03:52:17.777793
808,V00001165,D00012291,VISA Signature,2018,11,8,2018-11-08,2018-11-08,2022-06-09 06:04:28.777793
809,V00001070,D00010490,VISA Standard,2018,11,8,2018-11-08,2018-11-08,2022-06-12 22:40:27.777793
810,V00000217,D00001316,VISA Signature,2018,11,9,2018-11-09,2018-11-09,2022-06-13 10:17:23.777793
811,V00000636,D00004091,VISA Standard,2018,11,9,2018-11-09,2018-11-09,2022-06-17 12:48:30.777793
812,V00000820,D00006039,VISA Signature,2018,11,10,2018-11-10,2018-11-10,2022-06-11 06:26:46.777793
813,V00000046,D00000273,VISA Signature,2018,11,10,2018-11-10,2018-11-10,2022-06-09 02:03:21.777793
814,V00000742,D00004833,VISA Signature,2018,11,10,2018-11-10,2018-11-10,2022-06-10 09:48:56.777793
815,V00000404,D00002540,VISA Standard,2018,11,12,2018-11-12,2018-11-12,2022-06-12 07:33:16.777793
816,V00000102,D00000575,VISA Signature,2018,11,12,2018-11-12,2018-11-12,2022-06-13 20:04:00.777793
817,V00000455,D00002924,VISA Signature,2018,11,13,2018-11-13,2018-11-13,2022-06-07 17:52:28.777793
818,V00000253,D00001536,VISA Infinite,2018,11,14,2018-11-14,2018-11-14,2022-06-16 12:59:22.777793
819,V00000570,D00003620,VISA Signature,2018,11,14,2018-11-14,2018-11-14,2022-06-09 10:00:49.777793
820,V00000027,D00000167,VISA Standard,2018,11,15,2018-11-15,2018-11-15,2022-06-09 14:31:40.777793
821,V00000580,D00003713,VISA Signature,2018,11,16,2018-11-16,2018-11-16,2022-06-07 04:43:05.777793
822,V00000409,D00002562,VISA Signature,2018,11,16,2018-11-16,2018-11-16,2022-06-10 02:40:07.777793
823,V00000205,D00001242,VISA Signature,2018,11,16,2018-11-16,2018-11-16,2022-06-16 05:43:00.777793
824,V00000773,D00005245,VISA Signature,2018,11,18,2018-11-18,2018-11-18,2022-06-15 01:42:42.777793
825,V00000487,D00003130,VISA Signature,2018,11,18,2018-11-18,2018-11-18,2022-06-07 23:02:56.777793
826,V00000177,D00001056,VISA Signature,2018,11,19,2018-11-19,2018-11-19,2022-06-16 13:16:44.777793
827,V00000632,D00004069,VISA Signature,2018,11,19,2018-11-19,2018-11-19,2022-06-07 20:20:11.777793
828,V00000445,D00002820,VISA Infinite,2018,11,19,2018-11-19,2018-11-19,2022-06-10 21:27:11.777793
829,V00001001,D00009247,VISA Signature,2018,11,20,2018-11-20,2018-11-20,2022-06-12 00:46:58.777793
830,V00000257,D00001589,VISA Signature,2018,11,20,2018-11-20,2018-11-20,2022-06-11 18:59:51.777793
831,V00000178,D00001057,VISA Signature,2018,11,21,2018-11-21,2018-11-21,2022-06-07 10:03:17.777793
832,V00000704,D00004553,VISA Infinite,2018,11,21,2018-11-21,2018-11-21,2022-06-10 08:09:43.777793
833,V00000056,D00000339,VISA Signature,2018,11,22,2018-11-22,2018-11-22,2022-06-15 17:15:36.777793
834,V00000148,D00000834,VISA Signature,2018,11,22,2018-11-22,2018-11-22,2022-06-13 20:30:27.777793
835,V00000392,D00002496,VISA Signature,2018,11,22,2018-11-22,2018-11-22,2022-06-17 21:01:18.777793
836,V00000523,D00003319,VISA Standard,2018,11,23,2018-11-23,2018-11-23,2022-06-15 05:02:49.777793
837,V00001175,D00012494,VISA Signature,2018,11,24,2018-11-24,2018-11-24,2022-06-09 01:54:58.777793
838,V00000466,D00002998,VISA Signature,2018,11,25,2018-11-25,2018-11-25,2022-06-15 12:22:22.777793
839,V00000500,D00003192,VISA Signature,2018,11,26,2018-11-26,2018-11-26,2022-06-14 05:11:51.777793
840,V00000004,D00000042,VISA Signature,2018,11,26,2018-11-26,2018-11-26,2022-06-11 22:24:36.777793
841,V00000388,D00002488,VISA Standard,2018,11,26,2018-11-26,2018-11-26,2022-06-17 02:37:04.777793
842,V00000164,D00000992,VISA Signature,2018,11,29,2018-11-29,2018-11-29,2022-06-12 22:40:33.777793
843,V00000489,D00003135,VISA Signature,2018,11,29,2018-11-29,2018-11-29,2022-06-09 04:52:27.777793
844,V00000626,D00003992,VISA Signature,2018,11,30,2018-11-30,2018-11-30,2022-06-13 11:05:12.777793
845,V00001169,D00012354,VISA Signature,2018,11,30,2018-11-30,2018-11-30,2022-06-15 11:13:45.777793
846,V00001137,D00011771,VISA Infinite,2018,12,1,2018-12-01,2018-12-01,2022-06-12 06:16:12.777793
847,V00000677,D00004382,VISA Standard,2018,12,1,2018-12-01,2018-12-01,2022-06-08 07:28:22.777793
848,V00000020,D00000131,VISA Signature,2018,12,2,2018-12-02,2018-12-02,2022-06-09 05:23:37.777793
849,V00000657,D00004246,VISA Standard,2018,12,2,2018-12-02,2018-12-02,2022-06-11 23:55:51.777793
850,V00000219,D00001329,VISA Signature,2018,12,4,2018-12-04,2018-12-04,2022-06-15 12:19:49.777793
851,V00000819,D00005978,VISA Infinite,2018,12,6,2018-12-06,2018-12-06,2022-06-14 16:20:54.777793
852,V00001177,D00012535,VISA Infinite,2018,12,6,2018-12-06,2018-12-06,2022-06-10 08:11:05.777793
853,V00000341,D00002156,VISA Infinite,2018,12,6,2018-12-06,2018-12-06,2022-06-08 19:44:22.777793
854,V00000692,D00004493,VISA Signature,2018,12,8,2018-12-08,2018-12-08,2022-06-07 05:52:53.777793
855,V00000715,D00004639,VISA Standard,2018,12,8,2018-12-08,2018-12-08,2022-06-09 12:53:18.777793
856,V00000131,D00000725,VISA Signature,2018,12,8,2018-12-08,2018-12-08,2022-06-09 19:46:03.777793
857,V00000201,D00001223,VISA Signature,2018,12,8,2018-12-08,2018-12-08,2022-06-17 09:06:47.777793
858,V00000605,D00003874,VISA Signature,2018,12,11,2018-12-11,2018-12-11,2022-06-09 19:16:16.777793
859,V00000306,D00001929,VISA Signature,2018,12,11,2018-12-11,2018-12-11,2022-06-17 12:39:50.777793
860,V00000378,D00002430,VISA Signature,2018,12,11,2018-12-11,2018-12-11,2022-06-09 15:10:16.777793
861,V00000549,D00003504,VISA Signature,2018,12,12,2018-12-12,2018-12-12,2022-06-08 16:03:13.777793
862,V00000371,D00002388,VISA Infinite,2018,12,13,2018-12-13,2018-12-13,2022-06-17 22:14:46.777793
863,V00000147,D00000826,VISA Standard,2018,12,13,2018-12-13,2018-12-13,2022-06-10 18:08:14.777793
864,V00000527,D00003348,VISA Standard,2018,12,14,2018-12-14,2018-12-14,2022-06-14 16:13:48.777793
865,V00000172,D00001030,VISA Signature,2018,12,14,2018-12-14,2018-12-14,2022-06-13 09:51:46.777793
866,V00000886,D00007325,VISA Signature,2018,12,15,2018-12-15,2018-12-15,2022-06-07 11:04:21.777793
867,V00000479,D00003085,VISA Signature,2018,12,16,2018-12-16,2018-12-16,2022-06-07 19:14:50.777793
868,V00000691,D00004492,VISA Signature,2018,12,16,2018-12-16,2018-12-16,2022-06-11 12:31:44.777793
869,V00000560,D00003577,VISA Signature,2018,12,17,2018-12-17,2018-12-17,2022-06-12 17:12:01.777793
870,V00000452,D00002910,VISA Signature,2018,12,19,2018-12-19,2018-12-19,2022-06-16 18:34:48.777793
871,V00000506,D00003236,VISA Infinite,2018,12,19,2018-12-19,2018-12-19,2022-06-14 08:06:59.777793
872,V00000735,D00004772,VISA Signature,2018,12,19,2018-12-19,2018-12-19,2022-06-11 08:45:46.777793
873,V00000654,D00004230,VISA Signature,2018,12,21,2018-12-21,2018-12-21,2022-06-14 08:17:17.777793
874,V00000196,D00001197,VISA Signature,2018,12,22,2018-12-22,2018-12-22,2022-06-16 16:32:22.777793
875,V00000473,D00003063,VISA Signature,2018,12,22,2018-12-22,2018-12-22,2022-06-12 13:21:26.777793
876,V00000829,D00006255,VISA Signature,2018,12,22,2018-12-22,2018-12-22,2022-06-15 17:50:52.777793
877,V00000310,D00001947,VISA Standard,2018,12,23,2018-12-23,2018-12-23,2022-06-11 04:17:52.777793
878,V00000076,D00000464,VISA Signature,2018,12,23,2018-12-23,2018-12-23,2022-06-09 12:44:34.777793
879,V00000573,D00003638,VISA Signature,2018,12,23,2018-12-23,2018-12-23,2022-06-13 04:09:01.777793
880,V00000240,D00001459,VISA Signature,2018,12,23,2018-12-23,2018-12-23,2022-06-08 07:22:27.777793
881,V00000728,D00004725,VISA Signature,2018,12,24,2018-12-24,2018-12-24,2022-06-11 17:31:20.777793
882,V00000924,D00007862,VISA Signature,2018,12,24,2018-12-24,2018-12-24,2022-06-14 12:56:20.777793
883,V00000486,D00003128,VISA Infinite,2018,12,25,2018-12-25,2018-12-25,2022-06-14 23:06:17.777793
884,V00001081,D00010696,VISA Signature,2018,12,25,2018-12-25,2018-12-25,2022-06-15 07:19:53.777793
885,V00000753,D00004974,VISA Signature,2018,12,25,2018-12-25,2018-12-25,2022-06-13 23:19:53.777793
886,V00000442,D00002796,VISA Signature,2018,12,26,2018-12-26,2018-12-26,2022-06-16 19:54:48.777793
887,V00000125,D00000694,VISA Infinite,2018,12,26,2018-12-26,2018-12-26,2022-06-08 12:12:15.777793
888,V00000674,D00004360,VISA Signature,2018,12,28,2018-12-28,2018-12-28,2022-06-16 13:25:58.777793
889,V00000322,D00002063,VISA Signature,2018,12,28,2018-12-28,2018-12-28,2022-06-08 00:48:09.777793
890,V00000685,D00004467,VISA Signature,2018,12,29,2018-12-29,2018-12-29,2022-06-11 06:54:38.777793
891,V00000635,D00004083,VISA Signature,2018,12,29,2018-12-29,2018-12-29,2022-06-09 02:11:02.777793
